year,country,activity,sex,age,fatal,datetime_column,string_column,month,season
2024,Honduras,swimming,M,38,no,2024-10-14 00:00:00,,10,Autumn
2024,USA,surfing,M,16,no,2024-10-11 00:00:00,,10,Autumn
2024,Honduras,diving,M,33,no,2024-09-17 00:00:00,,9,Autumn
2024,Morocco,swimming,F,30,yes,2024-09-16 00:00:00,,9,Autumn
2024,Jamaica,fishing,M,16,yes,2024-08-26 00:00:00,,8,Summer
2024,Belize,diving,F,15,no,2024-08-06 00:00:00,,8,Summer
2024,Australia,surfing,M,23,no,2024-07-23 00:00:00,,7,Summer
2024,Australia,surfing,M,41,no,2024-07-18 00:00:00,,7,Summer
2024,USA,diving,M,14,no,2024-07-08 00:00:00,,7,Summer
2024,USA,wading,M,26,no,2024-07-05 00:00:00,,7,Summer
2024,USA,swimming,F,Middle age,no,2024-07-04 00:00:00,,7,Summer
2024,USA,playing football in the water,M,21,no,2024-07-04 00:00:00,,7,Summer
2024,USA,swimming,M,,no,2024-07-04 00:00:00,,7,Summer
2024,USA,swimming,F,45,no,2024-06-07 00:00:00,,6,Summer
2024,USA,swimming,M,46,no,2024-06-02 00:00:00,,6,Summer
2024,Maldive Islands,military ocean training,M,23,yes,2024-06-02 00:00:00,,6,Summer
2024,USA,wading,F,19,no,2024-05-28 00:00:00,,5,Spring
2024,Turks and Caicos,snorkelling,M,27,no,2024-05-24 00:00:00,,5,Spring
2024,French Polynesia,diving,M,20,no,2024-05-23 00:00:00,,5,Spring
2024,USA,fishing,M,65,no,2024-05-02 00:00:00,,5,Spring
2024,Tobago,swimming,M,64,no,2024-04-26 00:00:00,,4,Spring
2024,Bahamas,jumpinf from dock to boat acidentally fell into water at marina,M,24,no,2024-04-26 00:00:00,,4,Spring
2024,Australia,fishing,M,16,no,2024-04-20 00:00:00,,4,Spring
2024,Australia,surfing,M,26,no,2024-04-20 00:00:00,,4,Spring
2024,Maldive Islands,swimming,M,?,no,2024-04-08 00:00:00,,4,Spring
2024,Maldive Islands,swimming,M,?,no,2024-04-08 00:00:00,,4,Spring
2024,AUSTRALIA,swimming,F,13,unknown,2024-03-15 00:00:00,15 Mar 2024,3,Spring
2024,USA,surfing,M,,no,2024-03-04 00:00:00,04 Mar 2024,3,Spring
2024,USA,swimming,F,11,no,2024-03-02 00:00:00,02 Mar-2024,3,Spring
2024,AUSTRALIA,,F,46,no,2024-02-25 00:00:00,25 Feb-2024,2,Winter
2024,INDIA,fishing,M,32,no,2024-02-14 00:00:00,14 Feb-2024,2,Winter
2024,TRINIDAD,fishing,M,,no,2024-02-04 00:00:00,04-Feb-2024,2,Winter
2024,AUSTRALIA,swimming,F,29,no,2024-01-29 00:00:00,29 Jan-2024,1,Winter
2024,BAHAMAS,swimming,M,10,no,2024-01-15 00:00:00,15 Jan-2024,1,Winter
2024,AUSTRALIA,surfing,M,64,no,2024-01-09 00:00:00,09-Jan-2024,1,Winter
2024,SOUTH AFRICA,fishing,M,62,no,2024-01-05 00:00:00,05-Jan-2024,1,Winter
2023,USA,surfing,M,39,yes,2023-12-30 00:00:00,30 Dec-2023,12,Winter
2023,MEXICO,diving,M,22,yes,2023-12-29 00:00:00,29 Dec-2023,12,Winter
2023,AUSTRALIA,surfing,M,15,yes,2023-12-28 00:00:00,28 Dec-2023,12,Winter
2023,AUSTRALIA,surfing,M,16,no,2023-12-25 00:00:00,25 Dec-2023,12,Winter
2023,AUSTRALIA,foil boarding,M,46,no,2023-12-24 00:00:00,24-Dec-2023,12,Winter
2023,NEW ZEALAND,wading,F,21,no,2023-12-18 00:00:00,18 Dec-2023,12,Winter
2023,MEXICO,swimming,M,66,yes,2023-12-14 00:00:00,14  Dec-2023,12,Winter
2023,MEXICO,swimming,F,52,no,2023-12-14 00:00:00,14  Dec-2023,12,Winter
2023,AUSTRALIA,snorkeling,M,20,no,2023-12-08 00:00:00,08 Dec-2023,12,Winter
2023,BAHAMAS,paddle boarding,F,44,yes,2023-12-04 00:00:00,04 Dec-2023,12,Winter
2023,MEXICO,swimming,F,26,yes,2023-12-02 00:00:00,02 Dec-2023,12,Winter
2023,AUSTRALIA,swimming,M,21,no,2023-11-30 00:00:00,30 Nov-2023,11,Autumn
2023,BAHAMAS,diving,F,47,yes,2023-11-21 00:00:00,21 Nov-2023,11,Autumn
2023,AUSTRALIA,diving,F,32,no,2023-11-10 00:00:00,10 Nov-2023,11,Autumn
2023,USA,swimming,M,66,no,2023-11-05 00:00:00,05 Nov-2023,11,Autumn
2023,AUSTRALIA,fishing,M,,no,2023-11-03 00:00:00,03 Nov-2023,11,Autumn
2023,NEW ZEALAND,diving,M,,no,2023-11-02 00:00:00,02 Nov-2023,11,Autumn
2023,EGYPT,diving,M,66,no,2023-11-01 00:00:00,Reported 02 Nov-2023,11,Autumn
2023,AUSTRALIA,surfing,M,55,yes,2023-10-31 00:00:00,31 Oct-2023,10,Autumn
2023,USA,surfing,M,30,no,2023-10-25 00:00:00,25 Oct 2023,10,Autumn
2023,Mexico,fishing,M,59,no,2023-10-23 00:00:00,23 Oct-2023,10,Autumn
2023,AUSTRALIA,fishing,M,,no,2023-10-21 00:00:00,21 Oct-2023,10,Autumn
2023,BELIZE,snorkeling,F,8,no,2023-10-20 00:00:00,20 Oct 2023,10,Autumn
2023,USA,surfing,M,50,no,2023-10-15 00:00:00,15 Oct 2023,10,Autumn
2023,USA,surfing,M,52,no,2023-10-13 00:00:00,13 Oct-2023,10,Autumn
2023,USA,surfing,F,45,no,2023-10-02 00:00:00,02 Oct-2023,10,Autumn
2023,AUSTRALIA,swimming,F,64,no,2023-10-01 00:00:00,01 Oct-2023,10,Autumn
2023,USA,swimming,M,52,yes,2023-10-01 00:00:00,01 Oct-2023,10,Autumn
2023,USA,swimming,M,,no,2023-09-18 00:00:00,18 Sep-2023,9,Autumn
2023,EGYPT,swimming,F,34,no,2023-09-13 00:00:00,13 Sep-2023,9,Autumn
2023,USA,surfing,M,38,no,2023-09-12 00:00:00,12 Sep-2023,9,Autumn
2023,USA,surfing,M,,no,2023-09-11 00:00:00,11 Sep-2023,9,Autumn
2023,Coral Sea,on a round-the-world expedition,M,,no,2023-09-06 00:00:00,Reported 06-Sep-2023,9,Autumn
2023,USA,surfing,M,30s,no,2023-09-04 00:00:00,04 Sep 2023,9,Autumn
2023,USA,wading,F,37,no,2023-09-04 00:00:00,04 Sep 2023,9,Autumn
2023,AUSTRALIA,surfing,M,44,unknown,2023-08-25 00:00:00,25 Aug 2023,8,Summer
2023,USA,wading,,9,no,2023-08-23 00:00:00,23 Aug-2023,8,Summer
2023,USA,fishing,M,19,no,2023-08-22 00:00:00,22 Aug-2023,8,Summer
2023,BAHAMAS,,M,20/30,unknown,2023-08-21 00:00:00,21 Aug-2023,8,Summer
2023,SPAIN,wading,M,35,no,2023-08-16 00:00:00,16 Aug-2023,8,Summer
2023,PORTUGAL,fishing,M,,no,2023-08-16 00:00:00,16 Aug-2023,8,Summer
2023,SAMOA,towing a dead whale out to sea,M,,yes,2023-08-12 00:00:00,12 Aug-2023,8,Summer
2023,USA,wading,F,65,no,2023-08-07 00:00:00,07 Aug-2023,8,Summer
2023,USA,surfing,M,22,no,2023-07-31 00:00:00,31 Jul-2023,7,Summer
2023,USA,fishing,M,22,no,2023-07-30 00:00:00,30 Jul-2023,7,Summer
2023,USA,swimming,F,26,no,2023-07-29 00:00:00,29 Jul-2023,7,Summer
2023,AUSTRALIA,surfing,M,20s,no,2023-07-24 00:00:00,24 Jul-2023,7,Summer
2023,AUSTRALIA,snorkeling,M,77,no,2023-07-22 00:00:00,22 Jul-2023,7,Summer
2023,USA,boogie boarding,M,60,no,2023-07-21 00:00:00,21 Jul-2023,7,Summer
2023,COLOMBIA,diving,M,38,no,2023-07-18 00:00:00,18 Jul-2023,7,Summer
2023,USA,sitting,M,49,no,2023-07-15 00:00:00,15 Jul-2023,7,Summer
2023,USA,surfing,M,21,no,2023-07-14 00:00:00,14 Jul-2023,7,Summer
2023,SOUTH AFRICA,watching the sardine run,,,no,2023-07-01 00:00:00,Reported 14 Jul-2023,7,Summer
2023,ECUADOR,snorkeling,F,42,no,2023-07-04 00:00:00,04 Jul-2023,7,Summer
2023,USA,standing,F,,no,2023-07-04 00:00:00,04 Jul-2023,7,Summer
2023,USA,swimming,M,49,no,2023-07-04 00:00:00,04 Jul-2023,7,Summer
2023,USA,swimming,M,47,no,2023-07-04 00:00:00,04 Jul-2023,7,Summer
2023,USA,surfing,M,15,no,2023-07-03 00:00:00,03 Jul-2023,7,Summer
2023,USA,swimming,F,15,no,2023-07-03 00:00:00,03 Jul-2023,7,Summer
2023,USA,swimming,F,!2,no,2023-06-23 00:00:00,23-Jun-2023,6,Summer
2023,USA,fishing,M,,no,2023-06-23 00:00:00,23-Jun-2023,6,Summer
2023,EGYPT,swimming,M,24,yes,2023-06-08 00:00:00,08-Jun 2023,6,Summer
2023,BAHAMAS,diving,F,73,unknown,2023-06-07 00:00:00,07-Jun-2023,6,Summer
2023,FRENCH POLYNESIA,surfing,F,25,no,2023-05-28 00:00:00,28-May 2023,5,Spring
2023,NEW CALEDONIA,fishing,M,42,yes,2023-05-28 00:00:00,28-May 2023,5,Spring
2023,TURKS and CaICOS,snorkeling,F,22,no,2023-05-24 00:00:00,24-May 2023,5,Spring
2023,BAHAMAS,jumped overboard,M,18,yes,2023-05-24 00:00:00,24 May 2023,5,Spring
2023,USA,shark feeding,F,26,no,2023-05-20 00:00:00,,5,Spring
2023,USA,surfing,F,15,no,2023-05-21 00:00:00,21-May 2023,5,Spring
2023,USA,fishing,M,35,no,2023-05-19 00:00:00,19 -May 2023,5,Spring
2023,USA,fishing,M,20,no,2023-05-18 00:00:00,18-May-2023,5,Spring
2023,USA,swimming,F,24,no,2023-05-14 00:00:00,14-May-2023,5,Spring
2023,AUSTRALIA,surfing,M,46,yes,2023-05-13 00:00:00,13-May-2023,5,Spring
2023,USA,sitting,F,13,no,2023-05-11 00:00:00,11-May-2023,5,Spring
2023,USA,fishing,M,,no,2023-05-11 00:00:00,11-May-2023,5,Spring
2023,CUBA,fishing,M,,yes,2023-05-09 00:00:00,09 May-2023,5,Spring
2023,USA,fishing,M,22,no,2023-05-05 00:00:00,05-May-2023,5,Spring
2023,SOUTH AFRICA,surfing,M,50s,no,2023-05-03 00:00:00,03-May-2023,5,Spring
2023,SOUTH AFRICA,diving,M,39,no,2023-05-01 00:00:00,01-May-2023,5,Spring
2023,AUSTRALIA,swimming,M,,no,2023-04-29 00:00:00,29-Apr-2023,4,Spring
2023,AUSTRALIA,snorkeling,M,11,no,2023-04-29 00:00:00,29-Apr-2023,4,Spring
2023,USA,fishing,M,,no,2023-04-23 00:00:00,23-Apr-2023,4,Spring
2023,AUSTRALIA,surfing,M,30,no,2023-04-22 00:00:00,22-Apr-2023,4,Spring
2023,USA,surfing,F,50s,no,2023-04-11 00:00:00,11-Apr-2023,4,Spring
2023,USA,fishing,M,,no,2023-04-09 00:00:00,09-Apr-2023,4,Spring
2023,USA,surfing,M,58,no,2023-04-09 00:00:00,09-Apr-2023,4,Spring
2023,USA,surfing,M,67,no,2023-03-25 00:00:00,25-Mar-2023,3,Spring
2023,CUBA,fishing,M,17,no,2023-03-25 00:00:00,25-Mar-2023,3,Spring
2023,AUSTRALIA,wading,M,30s,no,2023-03-22 00:00:00,22-Mar-2023,3,Spring
2023,USA,swimming,M,60,no,2023-03-19 00:00:00,19-Mar-2023,3,Spring
2023,MEXICO,swimming,M,10,no,2023-03-17 00:00:00,17-Mar-2023,3,Spring
2023,AUSTRALIA,surf-sking,F,,no,2023-03-16 00:00:00,16-Mar-2023,3,Spring
2023,BRAZIL,swimming,F,15,no,2023-03-06 00:00:00,06-Mar-2023,3,Spring
2023,BRAZIL,swimming,M,14,no,2023-03-05 00:00:00,05-Mar-2023,3,Spring
2023,SEYCHELLES,snorkeling,M,6,unknown,2023-03-02 00:00:00,02-Mar-2023,3,Spring
2023,BRAZIL,surfing,M,32,no,2023-02-21 00:00:00,21-Feb-2023,2,Winter
2023,NEW CALEDONIA,swimming,M,59,unknown,2023-02-19 00:00:00,19-Feb-2023,2,Winter
2023,USA,surfing,M,60,no,2023-02-19 00:00:00,19-Feb-2023,2,Winter
2023,ARGENTINA,,M,32,unknown,2023-02-18 00:00:00,18-Feb-2023,2,Winter
2023,FIJI,fishing,M,41,no,2023-02-17 00:00:00,17-Feb-2023,2,Winter
2023,AUSTRALIA,swimming,F,16,yes,2023-02-04 00:00:00,04-Feb-2023,2,Winter
2023,AUSTRALIA,fishing,M,8,no,2023-01-30 00:00:00,30-Jan-2023,1,Winter
2023,MeXICO,diving,M,53,yes,2023-01-05 00:00:00,05-Jan-2023,1,Winter
2023,USA,spearishing,M,30,no,2023-01-01 00:00:00,01-Jan-2023,1,Winter
2023,Maldives,snorkeling,F,30,no,2023-01-01 00:00:00,Jan-2023,1,Winter
2022,South Africa,diving,M,26,no,2022-12-30 00:00:00,30-Dec-2022,12,Winter
2022,USA,swimming,M,68,no,2022-12-13 00:00:00,13-Dec-2022,12,Winter
2022,AUSTRALIA,swimming,M,15,no,2022-12-11 00:00:00,11 Dec-2022,12,Winter
2022,USA,diving,M,43,no,2022-12-09 00:00:00,09-Dec-2022,12,Winter
2022,USA,snorkeling,F,60,yes,2022-12-08 00:00:00,08-Dec-2022,12,Winter
2022,USA,surfing,M,,no,2022-12-07 00:00:00,07-Dec-2022,12,Winter
2022,USA,swimming,F,10,no,2022-11-27 00:00:00,27-Nov-2022,11,Autumn
2022,USA,swimming,F,50,no,2022-11-04 00:00:00,04-Nov-2022,11,Autumn
2022,USA,fishing,M,29,no,2022-11-03 00:00:00,03-Nov-2022,11,Autumn
2022,USA,surfing,M,,no,2022-10-31 00:00:00,31-Oct-2022,10,Autumn
2022,USA,fishing,M,40,no,2022-10-28 00:00:00,28-Oct-2022,10,Autumn
2022,BAHAMAS,diving,M,,no,2022-10-28 00:00:00,28-Oct-2022,10,Autumn
2022,USA,fishing,M,,no,2022-10-27 00:00:00,27-Oct-2022,10,Autumn
2022,USA,snorkeling,M,51,no,2022-10-25 00:00:00,25 Oct-2022,10,Autumn
2022,AUSTRALIA,surf skiing,M,19,no,2022-10-23 00:00:00,23-Oct-2022,10,Autumn
2022,USA,fishing,M,15,no,2022-10-10 00:00:00,10-Oct-2022,10,Autumn
2022,USA,shipwreck,M,40,no,2022-10-08 00:00:00,08-Oct-2022,10,Autumn
2022,AUSTRALIA,fishing,M,38,no,2022-10-07 00:00:00,07-Oct-2022,10,Autumn
2022,AUSTRALIA,surfing,M,17,no,2022-10-06 00:00:00,06-Oct-2022,10,Autumn
2022,USA,surfing,M,31,no,2022-10-02 00:00:00,02-Oct-2022,10,Autumn
2022,SOUTH AFRICA,swimming,F,39,yes,2022-09-25 00:00:00,25-Sep-2022,9,Autumn
2022,USA,fishing,M,26,no,2022-09-22 00:00:00,22-Sep-2022,9,Autumn
2022,BAHAMAS,snorkeling,F,58,yes,2022-09-06 00:00:00,06-Sep-2022,9,Autumn
2022,USA,swimming,F,51,no,2022-09-03 00:00:00,03-Sep-2022,9,Autumn
2022,AUSTRALIA,surfing,M,14,no,2022-08-31 00:00:00,31-Aug-2022,8,Summer
2022,AUSTRALIA,kayaking,M,,no,2022-08-17 00:00:00,17-Aug-2022,8,Summer
2022,USA,swimming,F,,no,2022-08-15 00:00:00,15-Aug-2022,8,Summer
2022,USA,standing,F,,no,2022-08-15 00:00:00,15-Aug-2022,8,Summer
2022,AUSTRALIA,fishing,M,17,no,2022-08-15 00:00:00,15-Aug-2022,8,Summer
2022,USA,snorkeling,M,10,no,2022-08-13 00:00:00,13-Aug-2022,8,Summer
2022,USA,paddleboarding,M,,no,2022-08-10 00:00:00,10-Aug-2022,8,Summer
2022,ENGLAND,snorkeling,F,,no,2022-07-28 00:00:00,28-Jul-2022,7,Summer
2022,USA,lobstering,M,13,no,2022-07-27 00:00:00,27-Jul-2022,7,Summer
2022,USA,wading,M,33,no,2022-07-25 00:00:00,25-Jul-2022,7,Summer
2022,USA,surfing,M,16,no,2022-07-20 00:00:00,20-Jul-2022,7,Summer
2022,USA,,,,no,2022-07-19 00:00:00,19-Jul-2022,7,Summer
2022,USA,surfing,F,,no,2022-07-19 00:00:00,19-Jul-2022,7,Summer
2022,USA,fishing,M,,no,2022-07-17 00:00:00,17-Jul-2022,7,Summer
2022,USA,,F,40,no,2022-07-16 00:00:00,16-Jul-2022,7,Summer
2022,USA,,M,49,no,2022-07-13 00:00:00,13-Jul-2022,7,Summer
2022,USA,surfing,M,41,no,2022-07-13 00:00:00,13-Jul-2022,7,Summer
2022,USA,surfing,M,30s,no,2022-07-10 00:00:00,10-Jul-2022,7,Summer
2022,USA,lifeguard training exercise,M,17,no,2022-07-07 00:00:00,07-Jul-2022,7,Summer
2022,JAPAN,snorkeling,M,60,yes,2022-07-04 00:00:00,04-Jul-2022,7,Summer
2022,USA,surfing,M,28,no,2022-07-03 00:00:00,03-Jul-2022,7,Summer
2022,USA,lifeguard exercises,M,,no,2022-07-03 00:00:00,03-Jul-2022,7,Summer
2022,INDONESIA,surfing,F,,no,2022-07-01 00:00:00,01-Jul-2022,7,Summer
2022,EGYPT,snorkeling,F,40s,yes,2022-07-01 00:00:00,01-Jul-2022,7,Summer
2022,EGYPT,swimming,F,68,yes,2022-07-01 00:00:00,01-Jul-2022,7,Summer
2022,USA,swimming,M,,no,2022-06-30 00:00:00,30-Jun-2022,6,Summer
2022,USA,scalloping,F,17,no,2022-06-30 00:00:00,30-Jun-2022,6,Summer
2022,USA,swimming,F,35,no,2022-06-29 00:00:00,29-Jun-2022,6,Summer
2022,USA,jumped into water,M,,no,2022-06-29 00:00:00,29-Jun-2022,6,Summer
2022,SOUTH AFRICA,swimming,M,,yes,2022-06-28 00:00:00,28-Jun-2022,6,Summer
2022,JAMAICA,fishing,M,,no,2022-06-24 00:00:00,24-Jun-2022,6,Summer
2022,USA,,F,,no,2022-06-23 00:00:00,23-Jun-2022,6,Summer
2022,USA,swimming,M,62,no,2022-06-22 00:00:00,22-Jun-2022,6,Summer
2022,USA,,M,teen,no,2022-06-21 00:00:00,21-Jun-2022,6,Summer
2022,AUSTRALIA,swimming,F,,no,2022-06-01 00:00:00,01-Jun-2022,6,Summer
2022,AUSTRALIA,surfing,,,no,2022-05-27 00:00:00,27-May-2022,5,Spring
2022,AUSTRALIA,diving,M,20,no,2022-05-20 00:00:00,20-May-2022,5,Spring
2022,BELIZE,fishing,M,,no,2022-05-19 00:00:00,19-May-2022,5,Spring
2022,MALDIVES,fishing,M,62,no,2022-05-10 00:00:00,10-May-2022,5,Spring
2022,FRENCH POLYNESIA,,,,no,2022-05-07 00:00:00,07-May-2022,5,Spring
2022,USA,fishing,M,,no,2022-05-03 00:00:00,03-May-2022,5,Spring
2022,THAILAND,playing in the water,M,8,no,2022-05-01 00:00:00,01-May-2022,5,Spring
2022,FRENCH POLYNESIA,,M,22,no,2022-04-30 00:00:00,30-Apr-2022,4,Spring
2022,AUSTRALIA,paddleboarding,M,32,no,2022-04-27 00:00:00,Reported 27-Apr-2022,4,Spring
2022,USA,, M,56,no,2022-04-17 00:00:00,17-Apr-2022,4,Spring
2022,USA,swimming,M,17,no,2022-04-12 00:00:00,12-Apr-2022,4,Spring
2022,USA,standing,M,Teen,no,2022-04-11 00:00:00,11-Apr-2022,4,Spring
2022,USA,feeding sharks & stingrays,F,12,no,2022-04-09 00:00:00,09-Apr-2022,4,Spring
2022,USA,kayaking,M,,no,2022-04-07 00:00:00,07-Apr-2022,4,Spring
2022,SOUTH AFRICA,,M,,unknown,2022-04-01 00:00:00,01-Apr-2022,4,Spring
2022,USA,fishing,M,50s,no,2022-03-31 00:00:00,31-Mar-2022,3,Spring
2022,COLUMBIA,swimming,M,56,yes,2022-03-18 00:00:00,18-Mar-2022,3,Spring
2022,NEW ZEALAND,surfing,M,,no,2022-03-15 00:00:00,15-Mar-2022,3,Spring
2022,AUSTRALIA,surfing,M,32,no,2022-03-15 00:00:00,15-Mar-2022,3,Spring
2022,AUSTRALIA,swimming,M,,no,2022-03-15 00:00:00,15-Mar-2022,3,Spring
2022,USA,surfing,M,20,no,2022-03-13 00:00:00,13-Mar-2022,3,Spring
2022,USA,fishing,M,21,no,2022-03-09 00:00:00,09-Mar-2022,3,Spring
2022,AUSTRALIA,surfing,M,,no,2022-03-08 00:00:00,08-Mar-2022,3,Spring
2022,USA,boogie boarding,M,42,yes,2022-02-26 00:00:00,26-Feb-2022,2,Winter
2022,BAHAMAS,diving,M,51,no,2022-02-21 00:00:00,21-Feb-2022,2,Winter
2022,AUSTRALIA,fihing,M,,no,2022-02-17 00:00:00,17-Feb-2022,2,Winter
2022,AUSTRALIA,swimming,M,36,yes,2022-02-16 00:00:00,16-Feb-2022,2,Winter
2022,MEXICO,diving,M,56,yes,2022-02-12 00:00:00,12-Feb-2022,2,Winter
2022,USA,surfing,M,18,no,2022-02-11 00:00:00,11-Feb-2022,2,Winter
2022,BAHAMAS,,F,37,no,2022-02-10 00:00:00,Reported 10-Feb-2022,2,Winter
2022,COSTA RICA,diving,F,50,unknown,2022-02-08 00:00:00,08-Feb-2022,2,Winter
2022,AUSTRALIA,floating in inflatable pool ring,F,20,no,2022-02-05 00:00:00,05-Feb-2022,2,Winter
2022,AUSTRALIA,swimming,M,M,no,2022-01-24 00:00:00,24-Jan-2022,1,Winter
2022,AUSTRALIA,snorkeling,M,,no,2022-01-22 00:00:00,22-Jan-2022,1,Winter
2022,SOUTH AFRICA,fishing,M,,no,2022-01-09 00:00:00,09-Jan-2022,1,Winter
2022,NEW ZEALAND,swimming,F,13,no,2022-01-09 00:00:00,09-Jan-2022,1,Winter
2022,USA,surfing,F,42,no,2022-01-06 00:00:00,06-Jan-2022,1,Winter
2022,AUSTRALIA,,F,42,no,2022-01-04 00:00:00,04-Jan-2022,1,Winter
2022,AUSTRALIA,surfing,M,40s,no,2022-01-01 00:00:00,01-Jan-2022,1,Winter
2021,New Zealand,swimming,F,9,no,2021-12-25 00:00:00,25-Dec-2021,12,Winter
2021,USA,surfing,F,42,no,2021-12-22 00:00:00,22-Dec-2021,12,Winter
2021,AUSTRALIA,fishing,M,24,no,2021-12-11 00:00:00,11-Dec-2021`,12,Winter
2021,MEXICO,diving,M,14,no,2021-12-06 00:00:00,Reported 06-Dec-2021,12,Winter
2021,AUSTRALIA,swimming,F,15,no,2021-12-06 00:00:00,06-Dec-2021,12,Winter
2021,AUSTRALIA,swimming,M,15,no,2021-12-06 00:00:00,06-Dec-2021,12,Winter
2021,USA,surfing,M,,no,2021-12-04 00:00:00,04-Dec-2021,12,Winter
2021,USA,fishing,F,27,no,2021-11-07 00:00:00,07-Nov-2021,11,Autumn
2021,AUSTRALIA,swimming,M,57,yes,2021-11-06 00:00:00,06-Nov-2021,11,Autumn
2021,BRAZIL,swimming,M,,no,2021-11-03 00:00:00,03-Nov-2021,11,Autumn
2021,NEW ZEALAND,surfing,M,26,no,2021-11-02 00:00:00,02-Nov-2021,11,Autumn
2021,AUSTRALIA,fishing,M,26,unknown,2021-10-16 00:00:00,16-Oct-2021,10,Autumn
2021,AUSTRALIA,swimming,M,34,no,2021-10-15 00:00:00,15-Oct-2021,10,Autumn
2021,USA,surfing,M,25,no,2021-10-04 00:00:00,04-Oct-2021,10,Autumn
2021,USA,swimming,M,,no,2021-10-03 00:00:00,03-Oct-2021,10,Autumn
2021,USA,surfing,M,38,no,2021-10-03 00:00:00,03-Oct-2021,10,Autumn
2021,EGYPT,swimming,M,,unknown,2021-09-10 00:00:00,10-Sep-2021,9,Autumn
2021,USA,surfing,M,!6,no,2021-09-09 00:00:00,09-Sep-2021,9,Autumn
2021,AUSTRALIA,surfing,M,31,yes,2021-09-05 00:00:00,05-Sep-2021,9,Autumn
2021,British Overseas Territory,,M,,no,2021-09-03 00:00:00,03-Sep-2021,9,Autumn
2021,USA,fishing,M,64,no,2021-09-03 00:00:00,03-Sep-2021,9,Autumn
2021,USA,boogie boarding,M,!!,no,2021-08-28 00:00:00,28-Aug-2021,8,Summer
2021,USA,surfing,M,41,no,2021-08-21 00:00:00,21-Aug-2021,8,Summer
2021,CANADA,swimming,F,21,no,2021-08-13 00:00:00,13-Aug-2021,8,Summer
2021,AUSTRALIA,harassing sharks,M,,no,2021-08-07 00:00:00,07-Aug-2021,8,Summer
2021,USA,surfing,M,35,no,2021-08-07 00:00:00,07-Aug-2021,8,Summer
2021,USA,snorkeling,M,15,no,2021-08-07 00:00:00,07-Aug-2021,8,Summer
2021,USA,,M,,no,2021-08-03 00:00:00,03-Aug-2021,8,Summer
2021,USA,swimming,F,12,no,2021-08-02 00:00:00,02-Aug-2021,8,Summer
2021,USA,fishing,M,47,no,2021-07-30 00:00:00,30-Jul-2021,7,Summer
2021,USA,standing,M,15,no,2021-07-27 00:00:00,27-Jul-2021,7,Summer
2021,USA,surfing,M,58,no,2021-07-27 00:00:00,27-Jul-2021,7,Summer
2021,AUSTRALIA,fishing,M,34,no,2021-07-27 00:00:00,27-Jul-2021,7,Summer
2021,USA,swimming,M,,no,2021-07-26 00:00:00,26-Jul-2021,7,Summer
2021,BRAZIL,squatting in the water,M,32,no,2021-07-25 00:00:00,25-Jul-2021,7,Summer
2021,THAILAND,moving captive shark,M,55,no,2021-07-23 00:00:00,23-Jul-2021,7,Summer
2021,USA,surfing,F,,no,2021-07-21 00:00:00,21-Jul-2021,7,Summer
2021,USA,,F,35,no,2021-07-21 00:00:00,21-Jul-2021,7,Summer
2021,AUSTRALIA,surfing,M,,no,2021-07-19 00:00:00,19-Jul-2021,7,Summer
2021,USA,boogie boarding,M,11,no,2021-07-15 00:00:00,15-Jul-2021,7,Summer
2021,SOUTH AFRICA,surfing,M,38,no,2021-07-14 00:00:00,14-Jul-2021,7,Summer
2021,BAHAMAS,jackass teams publicity stunt for discovery channels shark week 2021,M,,no,2021-07-11 00:00:00,Reported 11-Jul-2021,7,Summer
2021,USA,playing,F,9,no,2021-07-10 00:00:00,10-Jul-2021,7,Summer
2021,USA,fishing,M,36,yes,2021-07-10 00:00:00,10-Jul-2021,7,Summer
2021,BRAZIL,wading,M,51,yes,2021-07-10 00:00:00,10-Jul-2021,7,Summer
2021,AUSTRALIA,surfing,M,25,no,2021-07-05 00:00:00,05-Jul-2021,7,Summer
2021,USA,standing,M,8,no,2021-07-04 00:00:00,04-Jul-2021,7,Summer
2021,USA,fishing,F,19,no,2021-07-04 00:00:00,04-Jul-2021,7,Summer
2021,ECUADOR,diving,M,31,no,2021-07-03 00:00:00,03-Jul-2021,7,Summer
2021,USA,canoeing,M,15,no,2021-06-30 00:00:00,30-Jun-2021,6,Summer
2021,USA,surfing,F,,unknown,2021-06-28 00:00:00,28-Jun-2021,6,Summer
2021,USA,swimming,F,7,no,2021-06-27 00:00:00,27-Jun-2021,6,Summer
2021,USA,swimming,M,38,no,2021-06-26 00:00:00,26-Jun-2021,6,Summer
2021,JORDAN,parasailing,M,36,no,2021-06-25 00:00:00,25-Jun-2021,6,Summer
2021,AUSTRALIA,surfing,M,25,no,2021-06-23 00:00:00,23-Jun-2021,6,Summer
2021,USA,standing,M,12,no,2021-06-18 00:00:00,18-Jun-2021,6,Summer
2021,USA,swimming,M,14,no,2021-06-17 00:00:00,17-Jun-2021,6,Summer
2021,USA,standing,M,12,no,2021-06-14 00:00:00,14-Jun-2021,6,Summer
2021,USA,standing,M,71,no,2021-06-14 00:00:00,14-Jun-2021,6,Summer
2021,ENGLAND,fishing,M,51,no,2021-06-12 00:00:00,12-Jun-2021,6,Summer
2021,AUSTRALIA,snorkeling,M,10,no,2021-06-11 00:00:00,11-Jun-2021,6,Summer
2021,NEW CALEDONIA,fishing,M,,yes,2021-05-25 00:00:00,25-May-2021,5,Spring
2021,USA,swimming,M,26,no,2021-05-23 00:00:00,23-May-2021,5,Spring
2021,AUSTRALIA,fishing,M,48,no,2021-05-21 00:00:00,21-May-2021,5,Spring
2021,AUSTRALIA,surfing,M,59,yes,2021-05-18 00:00:00,18-May-2021,5,Spring
2021,USA,kite foiling,M,35,no,2021-05-15 00:00:00,15-May-2021,5,Spring
2021,BELIZE,baiting sharks,M,57,no,2021-05-12 00:00:00,12-May-2021,5,Spring
2021,USA,wading,F,21,no,2021-05-06 00:00:00,06-May-2021,5,Spring
2021,USA,surfing,M,14,no,2021-05-03 00:00:00,03-May-2021,5,Spring
2021,JAMAICA,fishing,M,53,yes,2021-05-01 00:00:00,01-May-2021,5,Spring
2021,USA,surfing,F,64,no,2021-04-30 00:00:00,30-Apr-2021,4,Spring
2021,USA,boggie boarding,M,54,no,2021-04-29 00:00:00,29-Apr-2021,4,Spring
2021,FRENCH POLYNESIA,canoeing,M,25,no,2021-04-24 00:00:00,24-Apr-2021,4,Spring
2021,NEW CALEDONIA,stand up paddleboarding,M,53,yes,2021-04-24 00:00:00,24-Apr-2021,4,Spring
2021,USA,swimming,F,57,no,2021-04-20 00:00:00,20-Apr-2021,4,Spring
2021,AUSTRALIA,,M,,no,2021-04-19 00:00:00,19-Apr-2021,4,Spring
2021,USA,tagging sharks,,,no,2021-04-17 00:00:00,17-Apr-2021,4,Spring
2021,SOUTH AFRICA,fishing,M,38,no,2021-04-14 00:00:00,14-Apr-2021,4,Spring
2021,SOUTH AFRICA,body boarding,M,38,yes,2021-04-13 00:00:00,13-Apr-2021,4,Spring
2021,USA,swimming,M,36,no,2021-04-02 00:00:00,02-Apr-2021,4,Spring
2021,USA,,M,,no,2021-03-30 00:00:00,30-Mar-2021,3,Spring
2021,AUSTRALIA,fishing,M,27,no,2021-03-27 00:00:00,27-Mar-2021,3,Spring
2021,FRENCH POLYNESIA,swimming,M,10,no,2021-03-26 00:00:00,26-Mar-2021,3,Spring
2021,USA,,F,16,no,2021-03-25 00:00:00,25-Mar-2021,3,Spring
2021,USA,swimming,M,7,no,2021-03-25 00:00:00,25-Mar-2021,3,Spring
2021,USA,surfing,M,9,no,2021-03-21 00:00:00,21-Mar-2021,3,Spring
2021,AUSTRALIA,paddle boarding,M,75,no,2021-03-20 00:00:00,20-Mar-2021,3,Spring
2021,USA,wading,M,20,no,2021-03-18 00:00:00,18-Mar-2021,3,Spring
2021,NEW CALEDONIA,fishing,M,16,no,2021-03-02 00:00:00,02-Mar-2021,3,Spring
2021,NEW CALEDONIA,swimming,M,57,yes,2021-02-28 00:00:00,28-Feb-2021,2,Winter
2021,AUSTRALIA,fishing,M,,no,2021-02-20 00:00:00,20-Feb-2021,2,Winter
2021,USA,surfing,M,,no,2021-02-06 00:00:00,06-Feb-2021,2,Winter
2021,AUSTRALIA,surf skiing,M,17,no,2021-02-02 00:00:00,02-Feb-2021,2,Winter
2021,USA,kayaking,M,45 and 15,no,2021-02-02 00:00:00,02-Feb-2021,2,Winter
2021,AUSTRALIA,swimming,F,46,no,2021-01-29 00:00:00,29-Jan-2021,1,Winter
2021,NEW ZEALAND,swimming,M,61,no,2021-01-27 00:00:00,27-Jan-2021,1,Winter
2021,AUSTRALIA,swimming,M,58,no,2021-01-23 00:00:00,23-Jan-2021,1,Winter
2021,USA,fishing,,,no,2021-01-22 00:00:00,22-Jan-2021,1,Winter
2021,USA,snorkeling,M,73,no,2021-01-22 00:00:00,22-Jan-2021,1,Winter
2021,AUSTRALIA,snorkeling,M,32,yes,2021-01-21 00:00:00,21-Jan-2021,1,Winter
2021,BRAZIL,surfing,M,52,no,2021-01-13 00:00:00,13-Jan-2021,1,Winter
2021,AUSTRALIA,swimming,M,54,no,2021-01-13 00:00:00,13-Jan-2021,1,Winter
2021,AUSTRALIA,swimming,M,7,no,2021-01-11 00:00:00,11-Jan-2021,1,Winter
2021,ST KITTS / NEVIS,swimming,F,26,no,2021-01-09 00:00:00,09-Jan-2021,1,Winter
2021,NEW ZEALAND,swimming,F,19,yes,2021-01-07 00:00:00,07-Jan-2021,1,Winter
2021,USA,surfing,M,19,no,2021-01-03 00:00:00,03-Jan-2021,1,Winter
2021,USA,surfing,M,17,no,2021-01-02 00:00:00,02-Jan-2021,1,Winter
2021,USA,swimming,F,68,no,2021-01-02 00:00:00,02-Jan-2021,1,Winter
2020,USA,swimming,M,,no,2020-12-30 00:00:00,30-Dec-2020,12,Winter
2020,MALDIVES,fishing,M,40,no,2020-12-23 00:00:00,23-Dec-2020,12,Winter
2020,ST MARTIN,swimming,F,39,yes,2020-12-10 00:00:00,10-Dec-2020,12,Winter
2020,AUSTRALIA,surfing,M,,no,2020-12-09 00:00:00,09-Dec-2020,12,Winter
2020,USA,surfing,M,56,yes,2020-12-08 00:00:00,08-Dec-2020,12,Winter
2020,USA,surfing,M,20,no,2020-12-06 00:00:00,06-Dec-2020,12,Winter
2020,AUSTRALIA,surfing,M,29,no,2020-12-06 00:00:00,06-Dec-2020,12,Winter
2020,EGYPT,diving,F,42,no,2020-12-02 00:00:00,02-Dec-2020,12,Winter
2020,USA,snorkeling,F,35,no,2020-11-26 00:00:00,26-Nov-2020,11,Autumn
2020,NEW CALEDONIA,snorkeling,F,,no,2020-11-23 00:00:00,23-Nov-2020,11,Autumn
2020,AUSTRALIA,body boarding,M,59,yes,2020-11-22 00:00:00,22-Nov-2020,11,Autumn
2020,AUSTRALIA,surfing,M,13,no,2020-11-02 00:00:00,02-Nov-2020,11,Autumn
2020,USA,swimming,M,17,no,2020-10-31 00:00:00,31-Oct-2020,10,Autumn
2020,BAHAMAS,fishing,M,,no,2020-10-30 00:00:00,30-Oct-2020,10,Autumn
2020,USA,surfing,M,,no,2020-10-29 00:00:00,29-Oct-2020,10,Autumn
2020,EGYPT,snorkeling,,,no,2020-10-25 00:00:00,25-Oct-2020,10,Autumn
2020,AUSTRALIA,fishing,M,59,no,2020-10-24 00:00:00,24-Oct-2020,10,Autumn
2020,USA,surfing,M,,no,2020-10-21 00:00:00,21-Oct-2020,10,Autumn
2020,AUSTRALIA,surfing,M,52,yes,2020-10-09 00:00:00,09-Oct-2020,10,Autumn
2020,USA,surfing,M,31,no,2020-10-07 00:00:00,07-Oct-2020,10,Autumn
2020,AUSTRALIA,surfing,M,17,no,2020-10-04 00:00:00,04-Oct-2020,10,Autumn
2020,USA,,M,,no,2020-09-29 00:00:00,29-Sep-2020,9,Autumn
2020,USA,swimming,F,61,no,2020-09-21 00:00:00,21-Sep-2020,9,Autumn
2020,USA,snorkeling,M,30,no,2020-09-20 00:00:00,20-Sep-2020,9,Autumn
2020,AUSTRALIA,fishing,M,50s,no,2020-09-17 00:00:00,17-Sep-2020,9,Autumn
2020,AUSTRALIA,foil-boarding,M,,no,2020-09-16 00:00:00,16-Sep-2020,9,Autumn
2020,USA,swimming,M,48,no,2020-09-16 00:00:00,16-Sep-2020,9,Autumn
2020,USA,surfing,M,15,no,2020-09-15 00:00:00,15-Sep-2020,9,Autumn
2020,USA,surfing,M,25,no,2020-09-15 00:00:00,15-Sep-2020,9,Autumn
2020,USA,fishing,M,54,no,2020-09-08 00:00:00,08-Sep-2020,9,Autumn
2020,AUSTRALIA,surfing,M,46,yes,2020-09-07 00:00:00,07-Sep-2020,9,Autumn
2020,USA,snorkeling,F,70,no,2020-09-06 00:00:00,06-Sep-2020,9,Autumn
2020,USA,,M,,no,2020-09-02 00:00:00,02-Sep-2020,9,Autumn
2020,AUSTRALIA,fishing,,,no,2020-08-30 00:00:00,30-Aug-2020,8,Summer
2020,USA,surfing,M,12,no,2020-08-30 00:00:00,30-Aug-2020,8,Summer
2020,USA,fishing,M,,no,2020-08-28 00:00:00,28-Aug-2020,8,Summer
2020,USA,standing,M,23,no,2020-08-23 00:00:00,23-Aug-2020,8,Summer
2020,USA,surfing,M,14,no,2020-08-22 00:00:00,22-Aug-2020,8,Summer
2020,USA,boogie boarding,F,50,no,2020-08-20 00:00:00,20-Aug-2020,8,Summer
2020,USA,wading,F,,no,2020-08-19 00:00:00,19-Aug-2020,8,Summer
2020,AUSTRALIA,surfing,F,35,no,2020-08-14 00:00:00,14-Aug-2020,8,Summer
2020,USA,fishing,M,55,no,2020-08-10 00:00:00,10-Aug-2020,8,Summer
2020,USA,snorkeling,F,,no,2020-08-02 00:00:00,02-Aug-2020,8,Summer
2020,USA,surfing,M,54,no,2020-08-01 00:00:00,01-Aug-2020,8,Summer
2020,USA,surfing,F,22,no,2020-07-31 00:00:00,31-Jul-2020,7,Summer
2020,USA,swimming,M,14,no,2020-07-31 00:00:00,31-Jul-2020,7,Summer
2020,AUSTRALIA,surfing,M,28,no,2020-07-31 00:00:00,31-Jul-2020,7,Summer
2020,USA,diving,M,38,no,2020-07-29 00:00:00,29-Jul-2020,7,Summer
2020,AUSTRALIA,sightseeing,,,unknown,2020-07-29 00:00:00,29-Jul-2020,7,Summer
2020,FRENCH POLYNESIA,swimming,M,4,no,2020-07-27 00:00:00,27-Jul-2020,7,Summer
2020,USA,swimming,F,63,yes,2020-07-27 00:00:00,27-Jul-2020,7,Summer
2020,USA,fishing,M,23,no,2020-07-23 00:00:00,23-Jul-2020,7,Summer
2020,USA,standing,M,11,no,2020-07-23 00:00:00,23-Jul-2020,7,Summer
2020,USA,treading water,M,,no,2020-07-22 00:00:00,22-Jul-2020,7,Summer
2020,USA,wading,F,12,no,2020-07-19 00:00:00,19-Jul-2020,7,Summer
2020,AUSTRALIA,fishing,M,10,no,2020-07-17 00:00:00,17-Jul-2020,7,Summer
2020,USA,wading,F,14,no,2020-07-14 00:00:00,14-Jul-2020,7,Summer
2020,AUSTRALIA,snorkeling,F,29,no,2020-07-13 00:00:00,13-Jul-2020,7,Summer
2020,AUSTRALIA,surfing,M,15,yes,2020-07-11 00:00:00,11-Jul-2020,7,Summer
2020,AUSTRALIA,fishing,M,36,yes,2020-07-04 00:00:00,04-Jul-2020,7,Summer
2020,USA,playing,M,7,no,2020-06-22 00:00:00,22-Jun-2020,6,Summer
2020,USA,surfing,M,16,no,2020-06-20 00:00:00,20-Jun-2020,6,Summer
2020,BAHAMAS,,,,no,2020-06-20 00:00:00,20-Jun-2020,6,Summer
2020,SOUTH AFRICA,surf skiing,F,,no,2020-06-16 00:00:00,16-Jun-2020,6,Summer
2020,NEW CALEDONIA,surfing,M,30,yes,2020-06-10 00:00:00,10-Jun-2020,6,Summer
2020,AUSTRALIA,surfing,M,60,yes,2020-06-07 00:00:00,07-Jun-2020,6,Summer
2020,AUSTRALIA,,F,,unknown,2020-06-06 00:00:00,06-Jun-2020,6,Summer
2020,USA,skimboarding,M,12,no,2020-06-04 00:00:00,04-Jun-2020,6,Summer
2020,USA,surfing,M,,no,2020-06-01 00:00:00,01-Jun-2020,6,Summer
2020,BAHAMAS,fishing,M,,no,2020-05-31 00:00:00,31-May-2020,5,Spring
2020,AUSTRALIA,fishing,M,18,no,2020-05-30 00:00:00,30-May-2020,5,Spring
2020,THAILAND,playing,M,12,no,2020-05-28 00:00:00,28-May-2020,5,Spring
2020,SPAIN,playing,M,9,no,2020-05-26 00:00:00,26 May 2020,5,Spring
2020,FRENCH POLYNESIA,snorkeling,,,no,2020-05-17 00:00:00,17 May 2020,5,Spring
2020,USA,surfing,M,26,yes,2020-05-09 00:00:00,09-May-2020,5,Spring
2020,AUSTRALIA,surfing,M,,no,2020-05-08 00:00:00,08-May-2020,5,Spring
2020,USA,swimming,F,57,no,2020-05-01 00:00:00,01-May-2020,5,Spring
2020,USA,body boarding,M,16,no,2020-04-29 00:00:00,29-Apr-2020,4,Spring
2020,AUSTRALIA,swimming,F,,no,2020-04-21 00:00:00,21-Apr-2020,4,Spring
2020,USA,surfing,F,,no,2020-04-07 00:00:00,07-Apr-2020,4,Spring
2020,AUSTRALIA,swimming,M,23,yes,2020-04-06 00:00:00,06-Apr-2020,4,Spring
2020,AUSTRALIA,surfing,M,38,no,2020-04-06 00:00:00,06-Apr-2020,4,Spring
2020,USA,stand-up paddleboarding,M,Teen,no,2020-03-27 00:00:00,27-Mar-2020,3,Spring
2020,USA,surfing,M,,no,2020-03-22 00:00:00,22-Mar-2020,3,Spring
2020,USA,surfing,M,,no,2020-03-22 00:00:00,22-Mar-2020,3,Spring
2020,AUSTRALIA,,F,,no,2020-03-21 00:00:00,21-Mar-2020,3,Spring
2020,NEW ZEALAND,fishing,M,,no,2020-03-14 00:00:00,Reported 14-Mar-2020,3,Spring
2020,FIJI,fishing,M,26,no,2020-03-02 00:00:00,02-Mar-2020,3,Spring
2020,NEW ZEALAND,surfing,M,60,no,2020-02-22 00:00:00,22-Feb-2020,2,Winter
2020,USA,stand-up paddle boarding,M,,no,2020-02-05 00:00:00,05-Feb-2020,2,Winter
2010,FRENCH POLYNESIA,canoeing,M,,no,2010-02-01 00:00:00,01-Feb-2010,2,Winter
2020,BAHAMAS,floating,F,24,no,2020-01-30 00:00:00,Reported 30-Jan-2020,1,Winter
2020,AUSTRALIA,surfing,M,59,no,2020-01-17 00:00:00,17-Jan-2020,1,Winter
2020,NEW ZEALAND,surfing,F,13,no,2020-01-16 00:00:00,16-Jan-2020,1,Winter
2020,USA,surfing,M,26,no,2020-01-13 00:00:00,13-Jan-2020,1,Winter
2020,THAILAND,swimming,M,75,no,2020-01-12 00:00:00,12-Jan-2020,1,Winter
2020,AUSTRALIA,swimming,F,7,no,2020-01-07 00:00:00,07-Jan-2020,1,Winter
2020,AUSTRALIA,diving,M,57,yes,2020-01-05 00:00:00,05-Jan-2020,1,Winter
2020,NEW CALEDONIA,,M,12,no,2020-01-03 00:00:00,03-Jan-2020,1,Winter
2020,AUSTRALIA,swimming,M,21,yes,2020-01-02 00:00:00,02-Jan-2020,1,Winter
2019,AUSTRALIA,swimming,M,30s,no,2019-12-30 00:00:00,30-Dec-2019,12,Winter
2019,SEYCHELLES,swimming,F,45,no,2019-12-28 00:00:00,28-Dec-2019,12,Winter
2019,PAPUA NEW GUINEA,fishing,M,33,yes,2019-12-26 00:00:00,26-Dec-2019,12,Winter
2019,SOUTH AFRICA,surf skiing,M,,no,2019-12-26 00:00:00,26-Dec-2019,12,Winter
2019,NEW ZEALAND,boogie boarding,F,17,no,2019-12-24 00:00:00,24-Dec-2019,12,Winter
2019,USA,surfing,M,37,no,2019-12-21 00:00:00,21-Dec-2019,12,Winter
2019,AUSTRALIA,fishing,,,unknown,2019-12-20 00:00:00,20-Dec-2019,12,Winter
2019,REUNION ISLAND,kayaking,M,70,unknown,2019-12-12 00:00:00,12-Dec-2019,12,Winter
2019,AUSTRALIA,diving,M,57,no,2019-12-06 00:00:00,06-Dec-2019,12,Winter
2019,CUBA,swimming,M,22,yes,2019-12-04 00:00:00,04-Dec-2019,12,Winter
2019,USA,stand-up paddleboarding,M,57,no,2019-12-03 00:00:00,03-Dec-2019,12,Winter
2019,USA,surfing,M,9,no,2019-11-30 00:00:00,30-Nov-2019,11,Autumn
2019,AUSTRALIA,snorkeling,M,30,no,2019-11-30 00:00:00,30-Nov-2019,11,Autumn
2019,AUSTRALIA,fishing,M,38,unknown,2019-11-23 00:00:00,23-Nov-2019,11,Autumn
2019,MEXICO,fishing,M,,no,2019-11-23 00:00:00,23-Nov-2019,11,Autumn
2019,ISRAEL,snorkeling,M,,no,2019-11-22 00:00:00,22-Nov-2019,11,Autumn
2019,FRENCH POLYNESIA,feeding sharks,M,9,no,2019-11-14 00:00:00,14-Nov-2019,11,Autumn
2019,USA,surfing,M,30,no,2019-11-12 00:00:00,12-Nov-2019,11,Autumn
2019,MEXICO,snorkeling,M,23,no,2019-11-11 00:00:00,11-Nov-2019,11,Autumn
2019,SOUTH AFRICA,fishing,M,,no,2019-11-09 00:00:00,09-Nov-2019,11,Autumn
2019,USA,surfing,F,,no,2019-11-06 00:00:00,06-Nov-2019,11,Autumn
2019,REUNION ISLAND,snorkeling,M,44,yes,2019-11-02 00:00:00,02-Nov-2019,11,Autumn
2019,AUSTRALIA,snorkeling,M,28 & 22,no,2019-10-29 00:00:00,29-Oct-2019,10,Autumn
2019,USA,surfing,M,32,no,2019-10-27 00:00:00,27-Oct-2019,10,Autumn
2019,USA,fishing,M,,no,2019-10-25 00:00:00,25-Oct-2019,10,Autumn
2019,FRENCH POLYNESIA,snorkeling,F,35,unknown,2019-10-21 00:00:00,21-Oct-2019,10,Autumn
2019,AUSTRALIA,surfing,M,17,no,2019-10-17 00:00:00,17-Oct-2019,10,Autumn
2019,USA,surfing,M,20,no,2019-10-08 00:00:00,08-Oct-2019,10,Autumn
2019,AUSTRALIA,surfing,M,29,no,2019-10-05 00:00:00,05-Oct-2019,10,Autumn
2019,USA,kayaking,M,51,no,2019-10-05 00:00:00,05-Oct-2019,10,Autumn
2019,USA,surfing,M,,no,2019-10-04 00:00:00,Reported 04-Oct-2019,10,Autumn
2019,AUSTRALIA,fishing,M,45,no,2019-09-28 00:00:00,28-Sep-2019,9,Autumn
2019,USA,surfing,F,,no,2019-09-26 00:00:00,26-Sep-2019,9,Autumn
2019,USA,swimming,M,,no,2019-09-24 00:00:00,24-Sep-2019,9,Autumn
2019,USA,surfing,M,13,no,2019-09-24 00:00:00,24-Sep-2019,9,Autumn
2019,USA,snorkeling,,"22, 57, 31",no,2019-09-18 00:00:00,18-Sep-2019,9,Autumn
2019,USA,,F,22,no,2019-09-15 00:00:00,15-Sep-2019,9,Autumn
2019,AUSTRALIA,fishing,M,,no,2019-09-07 00:00:00,07-Sep-2019,9,Autumn
2019,USA,fishing,M,70,no,2019-08-31 00:00:00,31-Aug-2019,8,Summer
2019,USA,,M,60s,no,2019-08-31 00:00:00,31-Aug-2019,8,Summer
2019,USA,surfing,M,40,no,2019-08-27 00:00:00,27-Aug-2019,8,Summer
2019,USA,wading,M,11,no,2019-08-21 00:00:00,21-Aug-2019,8,Summer
2019,USA,swimming,F,26,no,2019-08-20 00:00:00,20-Aug-2019,8,Summer
2019,FIJI,fishing,M,32,no,2019-08-16 00:00:00,16-Aug-2019,8,Summer
2019,USA,wading,M,9,no,2019-08-16 00:00:00,16-Aug-2019,8,Summer
2019,USA,surfing,M,16,no,2019-08-11 00:00:00,11-Aug-2019,8,Summer
2019,USA,standing,M,51,no,2019-08-04 00:00:00,04-Aug-2019,8,Summer
2019,USA,surfing,F,21,no,2019-08-03 00:00:00,03-Aug-2019,8,Summer
2019,USA,surfing,M,20,no,2019-08-03 00:00:00,03-Aug-2019,8,Summer
2019,USA,diving,M,37,no,2019-08-03 00:00:00,03-Aug-2019,8,Summer
2019,USA,swimming,M,49,no,2019-07-29 00:00:00,29-Jul-2019,7,Summer
2019,USA,fishing,M,,no,2019-07-30 00:00:00,30-Jul-2019,7,Summer
2019,USA,surfing,M,18,no,2019-07-29 00:00:00,29-Jul-2019,7,Summer
2019,AUSTRALIA,snorkeling,F,,unknown,2019-07-28 00:00:00,28-Jul-2019,7,Summer
2019,USA,boogie boarding,M,49,no,2019-07-27 00:00:00,27-Jul-2019,7,Summer
2019,USA,surfing,M,23,no,2019-07-27 00:00:00,27-Jul-2019,7,Summer
2019,USA,surfing,M,18,no,2019-07-22 00:00:00,22-Jul-2019,7,Summer
2019,USA,diving,,,unknown,2019-07-18 00:00:00,18-Jul-2019,7,Summer
2019,NEW ZEALAND,diving,M,45,no,2019-07-17 00:00:00,Reported 17-Jul-2019,7,Summer
2019,USA,surfing,F,,no,2019-07-16 00:00:00,16-Jul-2019,7,Summer
2019,USA,boogie boarding,F,16,no,2019-07-12 00:00:00,12-Jul-2019,7,Summer
2019,SOUTH AFRICA,surfing,M,20's,no,2019-07-10 00:00:00,10-Jul-2019,7,Summer
2019,AUSTRALIA,paddle boarding,M,43,no,2019-07-09 00:00:00,09-Jul-2019,7,Summer
2019,MEXICO,fishing,M,,no,2019-07-06 00:00:00,06-Jul-2019,7,Summer
2019,BAHAMAS,snorkeling,M,32,no,2019-07-04 00:00:00,04-Jul-2019,7,Summer
2019,USA,surfing,M,18,no,2019-06-30 00:00:00,30-Jun-2019,6,Summer
2019,BAHAMAS,snorkeling,F,21,yes,2019-06-26 00:00:00,26-Jun-2019,6,Summer
2019,BAHAMAS,fishing,M,,no,2019-06-21 00:00:00,21-Jun-2019,6,Summer
2019,USA,swimming,M,8,no,2019-06-16 00:00:00,16-Jun-2019,6,Summer
2019,BAHAMAS,snorkeling,M,50,unknown,2019-06-17 00:00:00,17-Jun-2019,6,Summer
2019,USA,swimming,M,64,no,2019-06-16 00:00:00,16-Jun-2019,6,Summer
2019,USA,surfing,M,19,no,2019-06-10 00:00:00,10-Jun-2019,6,Summer
2019,AUSTRALIA,diving,M,,no,2019-06-06 00:00:00,Reported 06-Jun-2019,6,Summer
2019,AUSTRALIA,surfing,M,,no,2019-06-05 00:00:00,05-Jun-2019,6,Summer
2019,USA,standing,F,17,no,2019-06-02 00:00:00,02-Jun-2019,6,Summer
2019,NEW CALEDONIA,fishing,M,43,yes,2019-05-29 00:00:00,29-May-2019,5,Spring
2019,USA,swimming,M,65,yes,2019-05-25 00:00:00,25-May-2019,5,Spring
2019,NEW CALEDONIA,swimming,M,10,no,2019-05-25 00:00:00,25-May-2019,5,Spring
2019,USA,body boarding,M,67,no,2019-05-20 00:00:00,20-May-2019,5,Spring
2019,FIJI,diving,M,,no,2019-05-17 00:00:00,17-May-2019,5,Spring
2019,USA,surfing,M,,no,2019-05-14 00:00:00,14-May-2019,5,Spring
2019,AUSTRALIA,surfing,M,53,no,2019-05-14 00:00:00,14-May-2019,5,Spring
2018,REUNION ISLAND,surfing,M,28,yes,2018-05-09 00:00:00,09-May-2018,5,Spring
2019,USA,swimming,F,34,no,2019-05-08 00:00:00,08-May-2019,5,Spring
2019,USA,surfing,F,28,no,2019-05-07 00:00:00,07-May-2019,5,Spring
2019,BRAZIL,fishing,M,12,no,2019-05-04 00:00:00,04-May-2019,5,Spring
2019,USA,fishing,M,,no,2019-05-01 00:00:00,01-May-2019,5,Spring
2019,AUSTRALIA,fishing,M,18,no,2019-04-27 00:00:00,Reported 27-Apr-2019,4,Spring
2019,USA,kayaking,F,65,no,2019-04-23 00:00:00,23-Apr-2019,4,Spring
2019,USA,,M,25,no,2019-04-21 00:00:00,21-Apr-2019,4,Spring
2019,USA,boogie boarding,F,10,no,2019-04-12 00:00:00,12-Apr-2019,4,Spring
2019,USA,picking opihi,M,58,no,2019-04-06 00:00:00,06-Apr-2019,4,Spring
2019,USA,swimming,M,23,no,2019-04-06 00:00:00,06-Apr-2019,4,Spring
2019,CHINA,diving,F,,no,2019-04-05 00:00:00,05-Apr-2019,4,Spring
2019,USA,paddling an outrigger canoe,M,74,no,2019-03-26 00:00:00,26-Mar-2019,3,Spring
2019,AUSTRALIA,swimming,M,25,no,2019-03-25 00:00:00,25-Mar-2019,3,Spring
2019,USA,surfing,M,46,no,2019-03-22 00:00:00,22-Mar-2019,3,Spring
2019,MEXICO,swimming,M,32,no,2019-03-21 00:00:00,21-Mar-2019,3,Spring
2019,USA,swimming,M,58,no,2019-03-16 00:00:00,16-Mar-2019,3,Spring
2019,USA,boogie boarding,M,11,no,2019-03-12 00:00:00,12-Mar-2019,3,Spring
2019,USA,surfing,M,,no,2019-03-05 00:00:00,05-Mar-2019,3,Spring
2019,SOUTH AFRICA,fishing,M,46,no,2019-03-05 00:00:00,05-Mar-2019,3,Spring
2018,USA,surfing,M,,no,2018-02-18 00:00:00,18-Feb-2018,2,Winter
2019,AUSTRALIA,surfing,M,41,no,2019-02-17 00:00:00,17-Feb-2019,2,Winter
2019,BRAZIL,surfing,M,31,no,2019-02-14 00:00:00,14-Feb-2019,2,Winter
2019,AUSTRALIA,fishing,M,25,no,2019-02-10 00:00:00,10-Feb-2019,2,Winter
2019,USA,surfing,M,,no,2019-02-04 00:00:00,04-Feb-2019,2,Winter
2019,AUSTRALIA,surfing,M,50,no,2019-02-04 00:00:00,04-Feb-2019,2,Winter
2019,SOUTH AFRICA,fishing,M,,no,2019-02-02 00:00:00,02-Feb-2019,2,Winter
2019,USA,fishing,M,50,no,2019-02-02 00:00:00,02-Feb-2019,2,Winter
2019,REUNION ISLAND,fishing,M,41,yes,2019-01-30 00:00:00,30-Jan-2019,1,Winter
2019,NEW ZEALAND,boogie boarding,F,17,no,2019-01-29 00:00:00,29-Jan-2019,1,Winter
2019,AUSTRALIA,swimming,F,15,no,2019-01-14 00:00:00,14-Jan-2019,1,Winter
2019,AUSTRALIA,wading,F,9 & 60,no,2019-01-10 00:00:00,10-Jan-2019,1,Winter
2019,USA,surfing,M,19,no,2019-01-08 00:00:00,8-Jan-2019,1,Winter
2018,MEXICO,diving,M,35,yes,2018-12-18 00:00:00,18-Dec-2018,12,Winter
2018,AUSTRALIA,,M,48,no,2018-12-15 00:00:00,15-Dec-2018,12,Winter
2018,NEW ZEALAND,fishing,M,24,no,2018-12-15 00:00:00,15-Dec-2018,12,Winter
2018,NEW ZEALAND,fishing,M,50,no,2018-12-09 00:00:00,09-Dec-2018,12,Winter
2018,AUSTRALIA,surfing,M,36,no,2018-12-09 00:00:00,09-Dec-2018,12,Winter
2018,AUSTRALIA,surfing,M,20s,no,2018-11-28 00:00:00,28-Nov-2018,11,Autumn
2018,USA,surfing,M,48,no,2018-11-24 00:00:00,24-Nov-2018,11,Autumn
2018,AUSTRALIA,fishing,M,17,no,2018-11-18 00:00:00,18-Nov-2018,11,Autumn
2018,AUSTRALIA,surfing,M,24,no,2018-11-17 00:00:00,17-Nov-2018,11,Autumn
2018,AUSTRALIA,kayaking,M,31,no,2018-11-14 00:00:00,14-Nov-2018,11,Autumn
2018,SOUTH AFRICA,fishing,M,41,no,2018-11-11 00:00:00,11-Nov-2018,11,Autumn
2018,AUSTRALIA,body boarding,M,20,no,2018-11-11 00:00:00,11-Nov-2018,11,Autumn
2018,BAHAMAS,swimming,M,8,no,2018-11-09 00:00:00,09-Nov-2018,11,Autumn
2018,AUSTRALIA,surfing,M,42,no,2018-11-07 00:00:00,07-Nov-2018,11,Autumn
2018,AUSTRALIA,swimming,M,33,yes,2018-11-05 00:00:00,05-Nov-2018,11,Autumn
2018,EGYPT,diving,M,,no,2018-11-03 00:00:00,03-Nov-2018,11,Autumn
2018,AUSTRALIA,surfing,M,,no,2018-10-24 00:00:00,24-Oct-2018,10,Autumn
2018,USA,surfing,F,,no,2018-10-23 00:00:00,23-Oct-2018,10,Autumn
2018,USA,surfing,M,29,no,2018-10-23 00:00:00,23-Oct-2018,10,Autumn
2018,USA,diving,M,,no,2018-10-23 00:00:00,23-Oct-2018,10,Autumn
2018,AUSTRALIA,surfing,M,50,no,2018-10-19 00:00:00,19-Oct-2018,10,Autumn
2018,NEW ZEALAND,surfing,M,25,no,2018-10-19 00:00:00,19-Oct-2018,10,Autumn
2018,SAMOA,surf skiing,M,,no,2018-10-16 00:00:00,Reported 16-Oct-2018,10,Autumn
2018,AUSTRALIA,fishing,M,,no,2018-10-13 00:00:00,13-Oct-2018,10,Autumn
2018,USA,surfing,F,,no,2018-10-11 00:00:00,11-Oct-2018,10,Autumn
2018,AUSTRALIA,fishing,M,55,no,2018-10-08 00:00:00,08-Oct-2018,10,Autumn
2018,USA,diving,M,13,no,2018-09-29 00:00:00,29-Sep-2018,9,Autumn
2018,AUSTRALIA,,M,17,no,2018-09-28 00:00:00,28-Sep-2018,9,Autumn
2018,USA,fishing,M,55,no,2018-09-27 00:00:00,27-Sep-2018,9,Autumn
2018,FIJI,diving,M,30s,no,2018-09-23 00:00:00,23-Sep-2018,9,Autumn
2018,BAHAMAS,fishing,F,32,no,2018-09-23 00:00:00,23-Sep-2018,9,Autumn
2018,USA,,F,,no,2018-09-20 00:00:00,20-Sep-2018,9,Autumn
2018,JAMAICA,fishing,M,43,yes,2018-09-19 00:00:00,19-Sep-2018,9,Autumn
2018,AUSTRALIA,swimming,F,12,no,2018-09-20 00:00:00,20-Sep-2018,9,Autumn
2018,AUSTRALIA,swimming,F,46,no,2018-09-19 00:00:00,19-Sep-2018,9,Autumn
2018,USA,boogie boarding,M,26,yes,2018-09-15 00:00:00,15-Sep-2018,9,Autumn
2018,USA,surfing,M,39,no,2018-09-08 00:00:00,08-Sep-2018,9,Autumn
2018,USA,stand-up paddleboarding,M,23,no,2018-09-08 00:00:00,08-Sep-2018,9,Autumn
2018,USA,surfing,M,60s,no,2018-09-07 00:00:00,07-Sep-2018,9,Autumn
2018,IRELAND,fishing,M,40,no,2018-09-01 00:00:00,01-Sep-2018,9,Autumn
2018,BAHAMAS,diving,M,,no,2018-08-28 00:00:00,Reported 28-Aug-2018,8,Summer
2018,USA,swimming,M,14,no,2018-08-24 00:00:00,24-Aug-2018,8,Summer
2018,BAHAMAS,fishing,M,29,no,2018-08-20 00:00:00,20-Aug-2018,8,Summer
2018,USA,surfing,M,14,no,2018-08-18 00:00:00,18-Aug-2018,8,Summer
2018,ITALY,playing,M,24,no,2018-08-18 00:00:00,18-Aug-2018,8,Summer
2018,BAHAMAS,standing,F,56,no,2018-08-15 00:00:00,15-Aug-2018,8,Summer
2018,USA,,M,,no,2018-08-15 00:00:00,15-Aug-2018,8,Summer
2018,USA,swimming,M,61,no,2018-08-15 00:00:00,15-Aug-2018,8,Summer
2018,USA,fishing,M,42,no,2018-08-09 00:00:00,09-Aug-2018,8,Summer
2018,USA,standing,M,16,no,2018-08-05 00:00:00,05-Aug-2018,8,Summer
2018,USA,swimming,F,a minor,no,2018-08-05 00:00:00,05-Aug-2018,8,Summer
2018,EGYPT,snorkeling,M,42,yes,2018-08-03 00:00:00,03-Aug-2018,8,Summer
2018,USA,surfing,M,14,no,2018-07-29 00:00:00,29-Jul-2018,7,Summer
2018,CHINA,putting hand in shark tank,F,6,no,2018-07-24 00:00:00,24-Jul-2018,7,Summer
2018,USA,boogie boarding,M,13,no,2018-07-18 00:00:00,18-Jul-2018,7,Summer
2018,USA,wading,F,12,no,2018-07-18 00:00:00,18-Jul-2018,7,Summer
2018,USA,surfing,F,,unknown,2018-07-16 00:00:00,Reported 16-Jul-2018,7,Summer
2018,COLOMBIA,fishing,M,62,unknown,2018-07-15 00:00:00,15-Jul-2018,7,Summer
2018,USA,wading,F,58,no,2018-07-14 00:00:00,14-Jul-2018,7,Summer
2018,USA,surfing,F,14,no,2018-07-14 00:00:00,14-Jul-2018,7,Summer
2018,USA,wading,M,17,no,2018-07-13 00:00:00,13-Jul-2018,7,Summer
2018,USA,surfing,M,30,no,2018-07-13 00:00:00,13-Jul-2018,7,Summer
2018,USA,surfing,M,14,no,2018-07-11 00:00:00,11-Jul-2018,7,Summer
2018,BAHAMAS,floating,F,19,no,2018-07-09 00:00:00,Reported 09-Jul-2018.,7,Summer
2018,USA,snorkeling,M,,no,2018-07-07 00:00:00,07-Jul-2018,7,Summer
2018,USA,boogie boarding,F,11,no,2018-07-02 00:00:00,02-Jul-2018,7,Summer
2018,USA,paddling,F,57,no,2018-06-25 00:00:00,25-Jun-2018,6,Summer
2018,USA,fishing,M,,no,2018-06-18 00:00:00,18-Jun-2018,6,Summer
2018,USA,standing,F,11,no,2018-06-18 00:00:00,18-Jun-2018,6,Summer
2018,USA,surfing,M,48,no,2018-06-09 00:00:00,09-Jun-2018,6,Summer
2018,AUSTRALIA,surfing,M,,no,2018-06-08 00:00:00,08-Jun-2018,6,Summer
2018,MEXICO,diving,M,,no,2018-06-04 00:00:00,04-Jun-2018,6,Summer
2018,AUSTRALIA,surfing,M,,no,2018-06-03 00:00:00,03-Jun-2018,6,Summer
2018,BRAZIL,swimming,M,18,yes,2018-06-03 00:00:00,03-Jun-2018,6,Summer
1018,EGYPT,diving,M,,no,1018-06-01 00:00:00,Jun-1018,6,Summer
2018,USA,fishing,M,52,no,2018-05-27 00:00:00,27-May-2018,5,Spring
2018,USA,walking,M,15,no,2018-05-26 00:00:00,26-May-2018,5,Spring
2018,USA,standing,M,12,no,2018-05-26 00:00:00,26-May-2018,5,Spring
2018,AUSTRALIA,feeding sharks,M,32,no,2018-05-24 00:00:00,24-May-2018,5,Spring
2018,USA,boogie boarding,M,10,no,2018-05-21 00:00:00,21-May-2018,5,Spring
2018,USA,swimming,M,10,no,2018-05-13 00:00:00,13-May-2018,5,Spring
2018,ENGLAND,fishing,M,21,no,2018-05-13 00:00:00,13-May-2018,5,Spring
2018,AUSTRALIA,feeding sharks,F,34,no,2018-05-01 00:00:00,May 2018,5,Spring
2018,SOUTH AFRICA,surfing,M,,no,2018-05-12 00:00:00,12-May-2018,5,Spring
2018,AUSTRALIA,surfing,M,,no,2018-05-09 00:00:00,09-May-2018,5,Spring
2018,THAILAND,swimming,M,,no,2018-04-30 00:00:00,Reported 30-Apr-2018,4,Spring
2018,USA,fishing,M,,no,2018-04-28 00:00:00,28-Apr-2018,4,Spring
2018,COSTA RICA,diving,M,30,no,2018-04-28 00:00:00,28-Apr-2018,4,Spring
2018,AUSTRALIA,surfing,M,,no,2018-04-28 00:00:00,28-Apr-2018,4,Spring
2018,AUSTRALIA,surfing,M,,no,2018-04-25 00:00:00,25-Apr-2018,4,Spring
2018,AUSTRALIA,surfing,M,60,no,2018-04-25 00:00:00,25-Apr-2018,4,Spring
2018,AUSTRALIA,surfing,M,,no,2018-04-24 00:00:00,24-Apr-2018,4,Spring
2018,MALDIVES,fishing,M,32,no,2018-04-23 00:00:00,23-Apr-2018,4,Spring
2018,SOUTH AFRICA,surf-skiing,M,33,no,2018-04-22 00:00:00,22-Apr-2018,4,Spring
2018,USA,body boarding,M,29,no,2018-04-19 00:00:00,19-Apr-2018,4,Spring
2018,THAILAND,swimming,M,54,no,2018-04-15 00:00:00,15-Apr-2018,4,Spring
2018,BRAZIL,swimming,M,34,unknown,2018-04-15 00:00:00,15-Apr-2018,4,Spring
2018,AUSTRALIA,surfing,M,41,no,2018-04-15 00:00:00,15-Apr-2018,4,Spring
2018,AUSTRALIA,surfing,M,37,no,2018-04-15 00:00:00,15-Apr-2018,4,Spring
2018,BAHAMAS,surfing,M,,no,2018-04-14 00:00:00,14-Apr-2018,4,Spring
2018,BRAZIL,fishing,M,56,no,2018-04-10 00:00:00,Reported 10-Apr-2018,4,Spring
2018,NEW CALEDONIA,foilboarding,M,17,no,2018-04-09 00:00:00,09-Apr-2018,4,Spring
2018,BAHAMAS,swimming,M,12,no,2018-04-05 00:00:00,05-Apr-2018,4,Spring
2018,SOUTH AFRICA,surfing,M,19,no,2018-04-03 00:00:00,03-Apr-2018,4,Spring
2018,USA,stand-up paddleboarding,M,25,no,2018-03-31 00:00:00,31-Mar-2018,3,Spring
2018,AUSTRALIA,wading,M,10,no,2018-03-14 00:00:00,14-Mar-2018,3,Spring
2018,AUSTRALIA,swimming,M,69,no,2018-03-09 00:00:00,9-Mar-2018,3,Spring
2018,AUSTRALIA,surfing,M,18,no,2018-03-09 00:00:00,9-Mar-2018,3,Spring
2018,SOUTH AFRICA,diving,M,38,no,2018-02-24 00:00:00,24-Feb-2018,2,Winter
2018,AUSTRALIA,swimming,F,55,no,2018-02-23 00:00:00,23-Feb-2018,2,Winter
2018,AUSTRALIA,fishing,M,34,no,2018-02-18 00:00:00,18-Feb-2018,2,Winter
2018,AUSTRALIA,walking,M,35,no,2018-02-15 00:00:00,15-Feb-2018,2,Winter
2018,AUSTRALIA,swimming,F,,no,2018-02-14 00:00:00,14-Feb-2018,2,Winter
2018,BRAZIL,cleaning fish,F,46,no,2018-02-11 00:00:00,11-Feb-2018,2,Winter
2018,ECUADOR,snorkeling,M,45,no,2018-02-03 00:00:00,03-Feb-2018,2,Winter
2018,AUSTRALIA,fishing,M,14,no,2018-02-01 00:00:00,01-Feb-2018,2,Winter
2018,AUSTRALIA,,M,18,no,2018-01-28 00:00:00,28-Jan-2018,1,Winter
2018,NEW CALEDONIA,fishing,M,40s,no,2018-01-21 00:00:00,21-Jan-2018,1,Winter
2018,FRENCH POLYNESIA,surfing,M,45,no,2018-01-17 00:00:00,17 Jan-2018,1,Winter
2018,AUSTRALIA,diving,M,,no,2018-01-14 00:00:00,14-Jan-2018,1,Winter
2018,AUSTRALIA,diving,M,28,no,2018-01-13 00:00:00,13-Jan-2018,1,Winter
2018,BRAZIL,surfing,M,20,no,2018-01-12 00:00:00,12-Jan-2018,1,Winter
2018,AUSTRALIA,surfing,M,,no,2018-01-05 00:00:00,05-Jan-2018,1,Winter
2017,USA,surfing,F,54,no,2017-12-31 00:00:00,31-Dec-2017,12,Winter
2017,USA,surfing,F,35,no,2017-12-30 00:00:00,30-Dec-2017,12,Winter
2017,MALAYSIA,fishing,M,24,no,2017-12-21 00:00:00,21-Dec-2017,12,Winter
2017,BAHAMAS,snorkeling,F,25,no,2017-12-09 00:00:00,09-Dec-2017,12,Winter
2017,COSTA RICA,diving,M,26,no,2017-11-30 00:00:00,30-Nov-2017,11,Autumn
2017,COSTA RICA,diving,F,49,yes,2017-11-30 00:00:00,30-Nov-2017,11,Autumn
2017,LIBYA,2 boats capsized,,,yes,2017-11-25 00:00:00,Reported 25-Nov-2017,11,Autumn
2017,USA,fishing,M,25,no,2017-11-24 00:00:00,24-Nov-2017,11,Autumn
2017,USA,surfing,F,14,no,2017-11-18 00:00:00,18-Nov-2017,11,Autumn
2017,,surfing,M,24,no,2017-11-13 00:00:00,Reported 13-Nov-2017,11,Autumn
2017,AUSTRALIA,surfing,M,25,no,2017-11-13 00:00:00,13-Nov-2017,11,Autumn
2017,CUBA,bathing,M,22,yes,2017-11-04 00:00:00,04-Nov-2017,11,Autumn
2017,USA,surfing,M,20s,no,2017-11-02 00:00:00,02-Nov-2017,11,Autumn
2017,AUSTRALIA,snorkeling,M,7,no,2017-10-31 00:00:00,Reported 31-Oct-2017,10,Autumn
2017,AUSTRALIA,surfing,M,31,no,2017-10-28 00:00:00,28-Oct-2017,10,Autumn
2017,USA,stand-up paddleboarding,M,,no,2017-10-26 00:00:00,26-Oct-2017,10,Autumn
2017,MAURITIUS,swimming,M,,no,2017-10-23 00:00:00,23-Oct-2017,10,Autumn
2017,USA,surfing,M,17,no,2017-10-23 00:00:00,23-Oct-2017,10,Autumn
2017,USA,swimming,F,60,no,2017-10-23 00:00:00,23-Oct-2017,10,Autumn
2017,AUSTRALIA,fishing,F,15,no,2017-10-22 00:00:00,22-Oct-2017,10,Autumn
2017,NEW ZEALAND,kayaking,M,,no,2017-10-21 00:00:00,21-Oct-2017,10,Autumn
2017,USA,swimming,M,,no,2017-10-18 00:00:00,18-Oct-2017,10,Autumn
2017,USA,surfing,M,54,no,2017-10-09 00:00:00,09-Oct-2017,10,Autumn
2017,USA,snorkeling,F,40,no,2017-10-05 00:00:00,05-Oct-2017,10,Autumn
2017,SOUTH AFRICA,diving,M,31,unknown,2017-10-01 00:00:00,01-Oct-2017,10,Autumn
2017,USA,surfing,M,,no,2017-09-25 00:00:00,25-Sep-2017,9,Autumn
2017,AUSTRALIA,surfing,M,,no,2017-09-25 00:00:00,25-Sep-2017,9,Autumn
2017,USA,surfing,M,33,unknown,2017-09-24 00:00:00,24-Sep-2017,9,Autumn
2017,USA,surfing,M,,no,2017-09-24 00:00:00,24-Sep-2017,9,Autumn
2017,USA,surfing,M,,no,2017-09-20 00:00:00,20-Sep-2017,9,Autumn
2017,SPAIN,surfing,M,13,no,2017-09-16 00:00:00,16-Sep-2017,9,Autumn
2017,USA,surfing,M,28,no,2017-09-16 00:00:00,16-Sep-2017,9,Autumn
2017,SOUTH AFRICA,diving,M,25,unknown,2017-09-15 00:00:00,15-Sep-2017,9,Autumn
2017,SAMOA,fishing,M,,no,2017-09-15 00:00:00,15-Sep-2017,9,Autumn
2017,AUSTRALIA,fishing,,,no,2017-09-01 00:00:00,Sep-2017,9,Autumn
2017,USA,surfing,M,18,no,2017-09-13 00:00:00,13-Sep-2017,9,Autumn
2017,AUSTRALIA,swimming,M,,no,2017-09-10 00:00:00,10-Sep-2017,9,Autumn
2017,AUSTRALIA,surfing,M,35,no,2017-09-10 00:00:00,10-Sep-2017,9,Autumn
2017,SOLOMON ISLANDS,fishing,M,,no,2017-09-06 00:00:00,Reported 06-Sep-2017,9,Autumn
2017,SOUTH AFRICA,swimming,M,,yes,2017-09-03 00:00:00,03-Sep-2017,9,Autumn
2017,JAPAN,surfing,M,42,no,2017-09-03 00:00:00,03-Sep-2017,9,Autumn
2017,USA,swimming,M,,no,2017-09-02 00:00:00,02-Sep-2017,9,Autumn
2017,USA,swimming,F,,no,2017-09-02 00:00:00,02-Sep-2017,9,Autumn
2017,USA,surfing,M,17,no,2017-09-02 00:00:00,02-Sep-2017,9,Autumn
2017,AUSTRALIA,surfing,M,37,no,2017-08-29 00:00:00,29-Aug-2017,8,Summer
2017,USA,wading,F,3,no,2017-08-27 00:00:00,27-Aug-2017,8,Summer
2017,SPAIN,swimming,F,11,unknown,2017-08-26 00:00:00,26-Aug-2017,8,Summer
2017,NEW ZEALAND,canoeing,M,,no,2017-08-26 00:00:00,26-Aug-2017,8,Summer
2017,USA,sup,M,69,no,2017-08-23 00:00:00,23-Aug-2017,8,Summer
2017,BAHAMAS,fishing,M,,no,2017-08-18 00:00:00,18-Aug-2017,8,Summer
2017,USA,swimming,M,13,no,2017-08-10 00:00:00,10-Aug-2017,8,Summer
2017,EGYPT,snorkeling,F,20,no,2017-08-05 00:00:00,05-Aug-2017,8,Summer
2017,USA,fishing,M,34,no,2017-08-03 00:00:00,03-Aug-2017,8,Summer
2017,USA,fishing,M,,no,2017-08-01 00:00:00,01-Aug-2017,8,Summer
2017,USA,skimboarding,M,15,no,2017-07-31 00:00:00,31-Jul-2017,7,Summer
2017,USA,swimming,M,10,unknown,2017-07-29 00:00:00,29-Jul-2017,7,Summer
2017,USA,,F,12,no,2017-07-29 00:00:00,29-Jul-2017,7,Summer
2017,BAHAMAS,snorkeling,F,,no,2017-07-27 00:00:00,27-Jul-2017,7,Summer
2017,BAHAMAS,fishing,M,,no,2017-07-26 00:00:00,Reported 26-Jul-2017,7,Summer
2017,"ST HELENA, British overseas territory",surfing,M,37,no,2017-07-24 00:00:00,24-Jul-2017,7,Summer
2017,USA,,F,,no,2017-07-23 00:00:00,23-Jul-2017,7,Summer
2017,SPAIN,swimming,F,,no,2017-07-23 00:00:00,23-Jul-2017,7,Summer
2017,USA,,F,40,no,2017-07-22 00:00:00,22-Jul-2017,7,Summer
2017,USA,swimming,F,8,unknown,2017-07-20 00:00:00,20-Jul-2017,7,Summer
2017,USA,kayaking,M,40,no,2017-07-20 00:00:00,20-Jul-2017,7,Summer
2017,USA,sup,M,50,no,2017-07-20 00:00:00,20-Jul-2017,7,Summer
2017,USA,surfing,M,,no,2017-07-14 00:00:00,14-Jul-2017,7,Summer
2017,AUSTRALIA,surfing,M,,no,2017-07-14 00:00:00,14-Jul-2017,7,Summer
2017,USA,kayaking,M,,no,2017-07-11 00:00:00,11-Jul-2017,7,Summer
2017,USA,swimming,M,46,no,2017-07-09 00:00:00,09-Jul-2017,7,Summer
2017,MEXICO,fishing,M,32,no,2017-07-07 00:00:00,Reported 07-Jul-2017,7,Summer
2017,SOUTH AFRICA,surfing,F,13,no,2017-07-07 00:00:00,07-Jul-2017,7,Summer
2017,COMOROS,fishing,,,unknown,2017-07-02 00:00:00,02-Jul-2017,7,Summer
2017,USA,fishing,M,,unknown,2017-06-29 00:00:00,29-Jun-2017,6,Summer
2017,USA,swimming,F,16,no,2017-06-21 00:00:00,21-Jun-2017,6,Summer
2017,USA,surfing,M,,no,2017-06-19 00:00:00,19-Jun-2017,6,Summer
2017,USA,swimming,F,14,no,2017-06-18 00:00:00,18-Jun-2017,6,Summer
2017,REUNION,body boarding,M,34,no,2017-06-18 00:00:00,18-Jun-2017,6,Summer
2017,SPAIN,swimming,M,82,no,2017-06-17 00:00:00,17-Jun-2017,6,Summer
2017,FRENCH POLYNESIA,surfing,M,,no,2017-06-05 00:00:00,2017.06.05,6,Summer
2017,BAHAMAS,feeding sharks,F,,no,2017-06-14 00:00:00,Reported 14-Jun-2017,6,Summer
2017,AUSTRALIA,body boarding,M,48,no,2017-06-11 00:00:00,11-Jun-2017,6,Summer
2017,AUSTRALIA,surfing,F,,no,2017-06-10 00:00:00,10-Jun-2017,6,Summer
2017,USA,surfing,M,19,no,2017-06-10 00:00:00,10-Jun-2017,6,Summer
2017,UNITED KINGDOM,surfing,M,30,no,2017-06-07 00:00:00,Reported 07-Jun-2017,6,Summer
2017,USA,fishing,M,,no,2017-06-04 00:00:00,04-Jun-2017,6,Summer
2017,BAHAMAS,snorkeling,F,32,no,2017-06-02 00:00:00,02-Jun-2017,6,Summer
2017,USA,touching a shark,F,20,no,2017-05-30 00:00:00,30-May-2017,5,Spring
2017,USA,feeding sharks,M,,no,2017-05-28 00:00:00,28-May-2017,5,Spring
2017,AUSTRALIA,fishing,M,73,no,2017-05-27 00:00:00,27-May-2017,5,Spring
2017,UNITED ARAB EMIRATES,fishing,M,41,no,2017-05-12 00:00:00,12-May-2017,5,Spring
2017,AUSTRALIA,attempting to lasso a shark,M,29,no,2017-05-06 00:00:00,Reported 06-May-2017,5,Spring
2017,MEXICO,snorkeling,M,33,yes,2017-05-05 00:00:00,05-May-2017,5,Spring
2017,USA,surfing,F,18,unknown,2017-05-03 00:00:00,03-May-2017,5,Spring
2017,USA,swimming,F,,no,2017-04-29 00:00:00,29-Apr-2017,4,Spring
2017,SOUTH AFRICA,surfing,M,14,no,2017-04-29 00:00:00,29-Apr-2017,4,Spring
2017,USA,surfing,F,33,no,2017-04-29 00:00:00,29-Apr-2017,4,Spring
2017,REUNION,body boarding,M,28,yes,2017-04-29 00:00:00,29-Apr-2017,4,Spring
2017,NEW ZEALAND,body boarding,F,20s,no,2017-04-27 00:00:00,27-Apr-2017,4,Spring
2017,USA,photo shoot,F,,unknown,2017-04-26 00:00:00,26-Apr-2017,4,Spring
2017,"ST HELENA, British overseas territory",snorkeling,F,40,no,2017-04-22 00:00:00,22-Apr-2017,4,Spring
2017,USA,swimming,M,,unknown,2017-04-20 00:00:00,20-Apr-2017,4,Spring
2017,USA,,,,no,2017-04-17 00:00:00,17-Apr-2017,4,Spring
2017,AUSTRALIA,surfing,F,17,yes,2017-04-17 00:00:00,17-Apr-2017,4,Spring
2017,USA,surfing,M,28,no,2017-04-14 00:00:00,14-Apr-2017,4,Spring
2017,USA,surfing,M,17,no,2017-04-13 00:00:00,13-Apr-2017,4,Spring
2017,USA,surfing,F,,no,2017-04-12 00:00:00,12-Apr-2017,4,Spring
2017,SOUTH AFRICA,diving,M,68,unknown,2017-04-12 00:00:00,12-Apr-2017,4,Spring
2017,USA,surfing,F,35,no,2017-04-11 00:00:00,11-Apr-2017,4,Spring
2017,USA,paddle boarding,F,10,no,2017-04-10 00:00:00,10-Apr-2017,4,Spring
2017,USA,swimming,F,21,no,2017-04-10 00:00:00,10-Apr-2017,4,Spring
2017,USA,swimming,M,16,no,2017-04-06 00:00:00,06-Apr-2017,4,Spring
2017,USA,swimming,F,51,no,2017-04-05 00:00:00,05-Apr-2017,4,Spring
2017,AUSTRALIA,kakaying,M,39,no,2017-04-02 00:00:00,02-Apr-2017,4,Spring
2017,USA,swimming,F,17,no,2017-04-02 00:00:00,02-Apr-2017,4,Spring
2017,USA,surfing,M,58,no,2017-03-27 00:00:00,27-Mar-2017,3,Spring
2017,AUSTRALIA,body boarding,M,30,no,2017-03-19 00:00:00,19-Mar-2017,3,Spring
2017,USA,kayaking,M,,no,2017-03-18 00:00:00,18-Mar-2017,3,Spring
2017,PHILIPPINES,fishing,M,25,no,2017-03-11 00:00:00,11-Mar-2017,3,Spring
2017,BAHAMAS,washing hands,M,58,no,2017-03-09 00:00:00,Reported 09-Mar-2017,3,Spring
2017,MEXICO,fishing,M,,no,2017-03-07 00:00:00,07-Mar-2017,3,Spring
2017,BAHAMAS,floating,F,,no,2017-03-01 00:00:00,01-Mar-2017,3,Spring
2017,AUSTRALIA,snorkeling,F,,no,2017-02-25 00:00:00,25-Feb-2017,2,Winter
2017,AUSTRALIA,surfing,M,,no,2017-02-24 00:00:00,24-Feb-2017,2,Winter
2017,REUNION,body boarding,M,26,yes,2017-02-21 00:00:00,21-Feb-2017,2,Winter
2017,AUSTRALIA,fishing,M,26,no,2017-02-17 00:00:00,17-Feb-2017,2,Winter
2017,USA,swimming,M,22,no,2017-02-11 00:00:00,11-Feb-2017,2,Winter
2017,BRAZIL,grabbing shark for a selfie,F,,no,2017-02-06 00:00:00,06-Feb-2017,2,Winter
2017,SOUTH AFRICA,fishing,M,,no,2017-02-06 00:00:00,06-Feb-2017,2,Winter
2017,USA,fishing,,,no,2017-02-01 00:00:00,01-Feb-2017,2,Winter
2017,BAHAMAS,diving,M,37,no,2017-02-01 00:00:00,01-Feb-2017,2,Winter
2017,BRAZIL,swimming,M,21,no,2017-01-24 00:00:00,24-Jan-2017,1,Winter
2017,USA,,M,Teen,no,2017-01-22 00:00:00,22-Jan-2017,1,Winter
2017,AUSTRALIA,diving,M,55,no,2017-01-21 00:00:00,21-Jan-2017,1,Winter
2017,AUSTRALIA,swimming,M,57,no,2017-01-13 00:00:00,13-Jan-2017,1,Winter
2017,USA,,M,,no,2017-01-13 00:00:00,13-Jan-2017,1,Winter
2017,INDONESIA,surfing,M,48,no,2017-01-09 00:00:00,09-Jan-2017,1,Winter
2017,USA,wading,M,47,no,2017-01-05 00:00:00,05-Jan-2017,1,Winter
2017,AUSTRALIA,wading,M,20,unknown,2017-01-03 00:00:00,03-Jan-2017,1,Winter
2016,USA,surfing,M,16,no,2016-12-27 00:00:00,27-Dec-2016,12,Winter
2016,AUSTRALIA,snorkeling,F,,no,2016-12-24 00:00:00,24-Dec-2016,12,Winter
2016,SOUTH AFRICA,surf skiing,M,55,no,2016-12-19 00:00:00,19-Dec-2016,12,Winter
2016,AUSTRALIA,diving,M,61,no,2016-12-14 00:00:00,14-Dec-2016,12,Winter
2016,FRENCH POLYNESIA,fishing,M,40s,no,2016-12-11 00:00:00,11-Dec-2016,12,Winter
2016,USA,surfing,M,19,unknown,2016-12-11 00:00:00,11-Dec-2016,12,Winter
2016,AUSTRALIA,fishing,M,20,no,2016-12-06 00:00:00,06-Dec-2016,12,Winter
2016,AUSTRALIA,surfing,M,65,no,2016-12-01 00:00:00,01-Dec-2016,12,Winter
2016,AUSTRALIA,fishing,M,73,no,2016-11-28 00:00:00,28-Nov-2016,11,Autumn
2016,USA,floating,F,58,no,2016-11-14 00:00:00,14-Nov-2016,11,Autumn
2016,USA,surfing,M,41,no,2016-10-30 00:00:00,30-Oct-2016,10,Autumn
2016,USA,surfing,M,42,no,2016-10-29 00:00:00,29-Oct-2016,10,Autumn
2016,AUSTRALIA,surfing,M,36,no,2016-10-24 00:00:00,24-Oct-2016,10,Autumn
2016,USA,surfing,M,36,no,2016-10-21 00:00:00,21-Oct-2016,10,Autumn
2016,AUSTRALIA,surfing,M,,no,2016-10-15 00:00:00,15-Oct-2016,10,Autumn
2016,USA,snorkeling,F,66,no,2016-10-14 00:00:00,14-Oct-2016,10,Autumn
2016,MEXICO,diving,M,,unknown,2016-10-13 00:00:00,13-Oct-2016,10,Autumn
2016,AUSTRALIA,surfing,M,25,no,2016-10-12 00:00:00,12-Oct-2016,10,Autumn
2016,USA,surfing,M,29,no,2016-10-10 00:00:00,10-Oct-2016,10,Autumn
2016,USA,surfing,M,21,no,2016-10-02 00:00:00,02-Oct-2016,10,Autumn
2016,USA,surfng,M,32,no,2016-10-01 00:00:00,01-Oct-2016,10,Autumn
2016,AUSTRALIA,surfing,M,17,no,2016-09-26 00:00:00,26-Sep-2016,9,Autumn
2016,USA,surfing,M,16,no,2016-09-18 00:00:00,18-Sep-2016,9,Autumn
2016,USA,surfing,M,36,no,2016-09-18 00:00:00,18-Sep-2016,9,Autumn
2016,USA,surfing,M,43,no,2016-09-18 00:00:00,18-Sep-2016,9,Autumn
2016,USA,surfing,M,43,no,2016-09-17 00:00:00,17-Sep-2016,9,Autumn
2016,AUSTRALIA,surfing,M,,no,2016-09-17 00:00:00,17-Sep-2016,9,Autumn
2016,AUSTRALIA,surfing,M,,no,2016-09-16 00:00:00,16-Sep-2016,9,Autumn
2016,AUSTRALIA,fishing,,,no,2016-09-15 00:00:00,15-Sep-2016,9,Autumn
2016,USA,wading,M,60s,no,2016-09-11 00:00:00,11-Sep-2016,9,Autumn
2016,USA,swimming,F,51,no,2016-09-07 00:00:00,07-Sep-2016,9,Autumn
2016,NEW CALEDONIA,surfing,M,50,yes,2016-09-06 00:00:00,06-Sep-2016,9,Autumn
2016,USA,boogie boarding,F,12,no,2016-09-05 00:00:00,05-Sep-2016,9,Autumn
2016,AUSTRALIA,surfing,M,,no,2016-09-05 00:00:00,05-Sep-2016,9,Autumn
2016,USA,body boarding,M,9,no,2016-09-04 00:00:00,04-Sep-2016,9,Autumn
2016,USA,fishing,M,22,no,2016-09-01 00:00:00,01-Sep-2016,9,Autumn
2016,MEXICO,diving,,,unknown,2016-09-01 00:00:00,Sep-2016,9,Autumn
2016,USA,surfing,M,25,no,2016-08-29 00:00:00,29-Aug-2016,8,Summer
2016,USA,surfing,M,37,no,2016-08-29 00:00:00,29-Aug-2016,8,Summer
2016,REUNION,surfing,M,20,no,2016-08-27 00:00:00,27-Aug-2016,8,Summer
2016,USA,wading,M,49,no,2016-08-25 00:00:00,25-Aug-2016,8,Summer
2016,BAHAMAS,snorkeling,M,15,no,2016-08-07 00:00:00,07-Aug-2016,8,Summer
2016,USA,sup foil boarding,M,21,no,2016-08-06 00:00:00,06-Aug-2016,8,Summer
2016,USA,surfing,M,22,no,2016-08-04 00:00:00,04-Aug-2016,8,Summer
2016,SPAIN,swimming,M,40,no,2016-07-29 00:00:00,29-Jul-2016,7,Summer
2016,CHINA,swimming,M,72,no,2016-07-28 00:00:00,28-Jul-2016,7,Summer
2016,AUSTRALIA,,M,,no,2016-07-28 00:00:00,28-Jul-2016,7,Summer
2016,USA,lobstering,M,43,no,2016-07-27 00:00:00,27-Jul-2016,7,Summer
2016,AUSTRALIA,surfing,M,18,no,2016-07-26 00:00:00,26-Jul-2016,7,Summer
2016,JAPAN,surfing,M,29,no,2016-07-24 00:00:00,24-Jul-2016,7,Summer
2016,AUSTRALIA,surfing,M,36,no,2016-07-23 00:00:00,23-Jul-2016,7,Summer
2016,BAHAMAS,fishing,M,,no,2016-07-23 00:00:00,23-Jul-2016,7,Summer
2016,AUSTRALIA,fishing,M,31,no,2016-07-20 00:00:00,20-Jul-2016,7,Summer
2016,USA,fishing,,,no,2016-07-17 00:00:00,17-Jul-2016,7,Summer
2016,USA,surfing,F,9,no,2016-07-16 00:00:00,16-Jul-2016,7,Summer
2016,USA,,F,11,no,2016-07-16 00:00:00,16-Jul-2016,7,Summer
2016,USA,surfing,M,61,no,2016-07-15 00:00:00,15-Jul-2016,7,Summer
2016,USA,swimming,M,,no,2016-07-15 00:00:00,15-Jul-2016,7,Summer
2016,BAHAMAS,diving,M,,no,2016-07-14 00:00:00,Reported  14-Jul-2016,7,Summer
2016,SPAIN,wading,F,10,no,2016-07-08 00:00:00,Reported 08-Jul-2016,7,Summer
2016,USA,fishing,M,,no,2016-07-08 00:00:00,08-Jul-2016,7,Summer
2016,USA,fishing,M,59,no,2016-07-07 00:00:00,07-Jul-2016,7,Summer
2016,USA,fishing,M,,no,2016-07-07 00:00:00,07-Jul-2016,7,Summer
2016,USA,swimming,F,42,no,2016-07-06 00:00:00,06-Jul-2016,7,Summer
2016,AUSTRALIA,fishing,M,34,no,2016-07-04 00:00:00,04-Jul-2016,7,Summer
2016,USA,,M,35,no,2016-06-27 00:00:00,27-Jun-2016,6,Summer
2016,USA,surfing,M,11,no,2016-06-25 00:00:00,25-Jun-2016,6,Summer
2016,COLUMBIA,diving,M,59,no,2016-06-24 00:00:00,24-Jun-2016,6,Summer
2016,SOUTH AFRICA,fishing,M,43,no,2016-06-23 00:00:00,23-Jun-2016,6,Summer
2016,USA,floating,M,42,no,2016-06-21 00:00:00,21-Jun-2016,6,Summer
2016,USA,wading,M,,no,2016-06-21 00:00:00,21-Jun-2016,6,Summer
2016,USA,surfing,M,,no,2016-06-15 00:00:00,15-Jun-2016,6,Summer
2016,AUSTRALIA,fishing,M,19,no,2016-06-15 00:00:00,15-Jun-2016,6,Summer
2016,USA,floating in tube,F,6,no,2016-06-14 00:00:00,14-Jun-2016,6,Summer
2016,USA,standing,M,19,no,2016-06-11 00:00:00,11-Jun-2016,6,Summer
2016,USA,surfing,M,27,unknown,2016-06-07 00:00:00,07-Jun-2016,6,Summer
2016,USA,swimming,M,64,no,2016-06-05 00:00:00,05-Jun-2016,6,Summer
2016,AUSTRALIA,diving,F,60,yes,2016-06-05 00:00:00,05-Jun-2016,6,Summer
2016,EGYPT,swimming,M,23,no,2016-06-04 00:00:00,04-Jun-2016,6,Summer
2016,AUSTRALIA,fishing,M,,unknown,2016-06-02 00:00:00,02-Jun-2016,6,Summer
2016,NEW CALEDONIA,surfing,M,,no,2016-06-02 00:00:00,02-Jun-2016,6,Summer
2016,AUSTRALIA,surfing,M,29,yes,2016-05-31 00:00:00,31-May-2016,5,Spring
2016,USA,swimming,F,52,no,2016-05-29 00:00:00,29-May-2016,5,Spring
2016,USA,swimming,M,13,no,2016-05-29 00:00:00,29-May-2016,5,Spring
2016,USA,swimming,F,57,no,2016-05-22 00:00:00,22-May-2016,5,Spring
2016,USA,swimming,F,22,no,2016-05-21 00:00:00,21-May-2016,5,Spring
2016,USA,swimming,F,11,no,2016-05-21 00:00:00,21-May-2016,5,Spring
2016,USA,swimming,M,48,no,2016-05-18 00:00:00,18-May-2016,5,Spring
2016,USA,teasing a shark,F,23,no,2016-05-15 00:00:00,15-May-2016,5,Spring
2016,USA,floating,M,59,no,2016-05-03 00:00:00,03-May-2016,5,Spring
2016,NEW ZEALAND,fishing,M,39,no,2016-05-02 00:00:00,02-May-2016,5,Spring
2016,USA,wading,F,33,no,2016-05-01 00:00:00,May 2016,5,Spring
2016,INDONESIA,surfing,M,24,no,2016-04-25 00:00:00,25-Apr-2016,4,Spring
2016,USA,surfing,M,15,no,2016-04-23 00:00:00,23-Apr-2016,4,Spring
2016,SOUTH AFRICA,surf-skiing,M,,no,2016-04-22 00:00:00,22-Apr-2016,4,Spring
2016,AUSTRALIA,swimming,M,12,no,2016-04-19 00:00:00,19-Apr-2016,4,Spring
2016,FRENCH POLYNESIA,fishing,M,22,unknown,2016-04-18 00:00:00,18-Apr-2016,4,Spring
2016,FRENCH POLYNESIA,fishing,M,26,no,2016-04-18 00:00:00,18-Apr-2016,4,Spring
2016,USA,fishing,M,26,no,2016-04-13 00:00:00,13-Apr-2016,4,Spring
2016,NEW CALEDONIA,walking,F,69,yes,2016-04-09 00:00:00,09-Apr-2016,4,Spring
2016,CAPE VERDE,,M,60,unknown,2016-04-08 00:00:00,08-Apr-2016,4,Spring
2016,USA,fishing,M,34,no,2016-04-07 00:00:00,07-Apr-2016,4,Spring
2016,USA,sup,M,,unknown,2016-04-07 00:00:00,07-Apr-2016,4,Spring
2016,USA,snorkeling,F,46,no,2016-03-31 00:00:00,31-Mar-2016,3,Spring
2016,AUSTRALIA,surfing,M,22,no,2016-03-30 00:00:00,30-Mar-2016,3,Spring
2016,USA,,M,Teen,unknown,2016-03-28 00:00:00,28-Mar-2016,3,Spring
2016,AUSTRALIA,surfing,M,41,no,2016-03-28 00:00:00,28-Mar-2016,3,Spring
2016,BAHAMAS,,M,9,no,2016-03-26 00:00:00,26-Mar-2016,3,Spring
2016,USA,surfing,,,unknown,2016-03-13 00:00:00,13-Mar-2016,3,Spring
2016,USA,surfing,M,19,no,2016-03-11 00:00:00,11-Mar-2016,3,Spring
2016,Fiji,diving,M,45,yes,2016-03-10 00:00:00,10-Mar-2016,3,Spring
2016,USA,,M,12,no,2016-03-04 00:00:00,04-Mar-2016,3,Spring
2016,AUSTRALIA,fishing,M,,no,2016-03-03 00:00:00,Reported 03-Mar-2016,3,Spring
2016,BRAZIL,swimming,M,41,no,2016-03-02 00:00:00,02-Mar-2016,3,Spring
2016,NEW CALEDONIA,surfing,M,21,no,2016-02-22 00:00:00,22-Feb-2016,2,Winter
2016,NEW CALEDONIA,fishing,M,31,no,2016-02-19 00:00:00, 19-Feb-2016,2,Winter
2016,DOMINICAN REPUBLIC,wading,F,,no,2016-02-12 00:00:00,12-Feb-2016,2,Winter
2016,CAYMAN ISLANDS,feeding stingrays?,M,65,unknown,2016-02-10 00:00:00,Reported 10-Feb-2016,2,Winter
2016,AUSTRALIA,surfing,M,,unknown,2016-02-10 00:00:00,10-Feb-2016,2,Winter
2016,AUSTRALIA,walking,F,45,no,2016-02-05 00:00:00,05-Feb-2016,2,Winter
2016,AUSTRALIA,surfing,M,40,no,2016-02-04 00:00:00,04-Feb-2016,2,Winter
2016,BRAZIL,swimming,M,41,no,2016-02-02 00:00:00,02-Feb-2016,2,Winter
2016,SOUTH AFRICA,fishing,M,,no,2016-01-29 00:00:00,29-Jan-2016,1,Winter
2016,USA,surfing,M,,no,2016-01-28 00:00:00,28-Jan-2016,1,Winter
2016,USA,surfing,F,15,no,2016-01-25 00:00:00,25-Jan-2016,1,Winter
2016,USA,fishing,M,,no,2016-01-24 00:00:00,24-Jan-2016,1,Winter
2016,UNITED ARAB EMIRATES,fishing,M,,no,2016-01-24 00:00:00,24-Jan-2016,1,Winter
2016,USA,paddle boarding,M,48,no,2016-01-23 00:00:00,23-Jan-2016,1,Winter
2016,AUSTRALIA,surfing,M,,no,2016-01-11 00:00:00,Reported 11-Jan-2016,1,Winter
2016,AUSTRALIA,wading,M,11,no,2016-01-05 00:00:00,05-Jan-2016,1,Winter
2016,AUSTRALIA,fishing,M,31,no,2016-01-02 00:00:00,02-Jan-2016,1,Winter
2015,SOUTH AFRICA,fishing,M,,no,2015-12-26 00:00:00,26-Dec-2015,12,Winter
2015,SPAIN,swimming,F,38,no,2015-12-25 00:00:00,25-Dec-2015,12,Winter
2015,USA,paddle boarding,M,71,no,2015-12-22 00:00:00,22-Dec-2015,12,Winter
2015,AUSTRALIA,surfing,M,43,no,2015-12-21 00:00:00,21-Dec-2015,12,Winter
2015,BRAZIL,diving,M,32,no,2015-12-21 00:00:00,21-Dec-2015,12,Winter
2015,ARUBA,sea disaster,M,58,yes,2015-12-19 00:00:00,19-Dec-2015,12,Winter
2015,AUSTRALIA,fishing,,,no,2015-12-13 00:00:00,13-Dec-2015,12,Winter
2015,BAHAMAS,fishing,M,26,no,2015-12-11 00:00:00,11-Dec-2015,12,Winter
2015,SOUTH AFRICA,swimming,F,22,no,2015-12-08 00:00:00,08-Dec-2015,12,Winter
2015,ECUADOR,snorkeling,M,55,no,2015-11-20 00:00:00,20-Nov-2015,11,Autumn
2015,USA,surfing,M,,no,2015-11-16 00:00:00,16-Nov-2015,11,Autumn
2015,USA,swimming,F,,no,2015-11-15 00:00:00,15-Nov-2015,11,Autumn
2015,USA,surfing,M,28,no,2015-11-15 00:00:00,15-Nov-2015,11,Autumn
2015,AUSTRALIA,surfing,M,20,no,2015-11-10 00:00:00,10-Nov-2015,11,Autumn
2015,USA,surfing,F,9,unknown,2015-11-07 00:00:00,07-Nov-2015,11,Autumn
2015,USA,swimming,M,54,no,2015-11-03 00:00:00,03-Nov-2015,11,Autumn
2015,USA,wading,F,28,no,2015-11-01 00:00:00,01-Nov-2015,11,Autumn
2015,MOZAMBIQUE,fishing,M,19,no,2015-11-01 00:00:00,01-Nov-2015,11,Autumn
2015,AUSTRALIA,fishing,M,50,no,2015-10-30 00:00:00,30-Oct-2015,10,Autumn
2015,USA,body boarding,M,10,no,2015-10-28 00:00:00,28-Oct-2015,10,Autumn
2015,SOUTH AFRICA,surfing,M,42,no,2015-10-25 00:00:00,25-Oct-2015,10,Autumn
2015,USA,surfing,M,21,no,2015-10-21 00:00:00,21-Oct-2015,10,Autumn
2015,USA,surfing,M,21,no,2015-10-19 00:00:00,19-Oct-2015,10,Autumn
2015,MOZAMBIQUE,fishing,F,35,yes,2015-10-17 00:00:00,17-Oct-2015,10,Autumn
2015,USA,surfing,M,32,unknown,2015-10-17 00:00:00,17-Oct-2015,10,Autumn
2015,USA,swimming,M,44,no,2015-10-17 00:00:00,17-Oct-2015,10,Autumn
2015,USA,fishing,M,,no,2015-10-13 00:00:00,13-Oct-2015,10,Autumn
2015,USA,boogie boarding,F,9,no,2015-10-09 00:00:00,09-Oct-2015,10,Autumn
2015,USA,surfing,M,25,no,2015-10-09 00:00:00,09-Oct-2015,10,Autumn
2015,MOZAMBIQUE,fishing,M,,no,2015-10-08 00:00:00,08-Oct-2015,10,Autumn
2015,AUSTRALIA,surfing,M,18,no,2015-10-07 00:00:00,07-Oct-2015,10,Autumn
2015,USA,body boarding,M,22,no,2015-10-05 00:00:00,05-Oct-2015,10,Autumn
2015,USA,wading,M,13,no,2015-10-05 00:00:00,05-Oct-2015,10,Autumn
2015,USA,surfing,M,14,no,2015-10-04 00:00:00,04-Oct-2015,10,Autumn
2015,USA,surfing,M,22,no,2015-09-29 00:00:00,29-Sep-2015,9,Autumn
2015,AUSTRALIA,snorkeling,F,7,no,2015-09-26 00:00:00,26-Sep-2015,9,Autumn
2015,USA,fishing,M,,no,2015-09-24 00:00:00,24-Sep-2015,9,Autumn
2015,USA,surfing,M,14,no,2015-09-20 00:00:00,20-Sep-2015,9,Autumn
2015,USA,fishing,M,27,no,2015-09-20 00:00:00,20-Sep-2015,9,Autumn
2015,USA,wading,M,12,no,2015-09-20 00:00:00,20-Sep-2015,9,Autumn
2015,USA,photographing fish,M,16,no,2015-09-20 00:00:00,20-Sep-2015,9,Autumn
2015,USA,fishing,M,,no,2015-09-19 00:00:00,19-Sep-2015,9,Autumn
2015,USA,swimming,M,,no,2015-09-18 00:00:00,18-Sep-2015,9,Autumn
2015,USA,surfing,M,20,no,2015-09-17 00:00:00,17-Sep-2015,9,Autumn
2015,AUSTRALIA,surfing,M,42,no,2015-09-08 00:00:00,08-Sep-2015,9,Autumn
2015,USA,stand-up paddleboarding,F,50,no,2015-09-06 00:00:00,06-Sep-2015,9,Autumn
2015,USA,fishing,M,29,no,2015-09-05 00:00:00,05-Sep-2015,9,Autumn
2015,AUSTRALIA,surf-skiing,M,62,no,2015-09-04 00:00:00,04-Sep-2015,9,Autumn
2015,USA,,M,,no,2015-09-03 00:00:00,03-Sep-2015,9,Autumn
2015,THAILAND,wading,F,37,no,2015-09-01 00:00:00,01-Sep-2015,9,Autumn
2015,FIJI,fishing,M,,no,2015-09-01 00:00:00,Sep-2015,9,Autumn
2015,USA,surfing,F,54,no,2015-08-29 00:00:00,29-Aug-2015,8,Summer
2015,USA,surfing,M,21,no,2015-08-29 00:00:00,29-Aug-2015,8,Summer
2015,USA,,M,,unknown,2015-08-22 00:00:00,22-Aug-2015,8,Summer
2015,AUSTRALIA,surfing,M,38,no,2015-08-22 00:00:00,22-Aug-2015,8,Summer
2015,USA,surfing,M,15,no,2015-08-20 00:00:00,20-Aug-2015,8,Summer
2015,USA,walking,F,10,no,2015-08-19 00:00:00,19-Aug-2015,8,Summer
2015,USA,fishing,M,22,no,2015-08-18 00:00:00,18-Aug-2015,8,Summer
2015,SPAIN,swimming,M,10,unknown,2015-08-18 00:00:00,18-Aug-2015,8,Summer
2015,USA,fishing,M,57,no,2015-08-10 00:00:00,10-Aug-2015,8,Summer
2015,AUSTRALIA,surfing,M,52,no,2015-07-31 00:00:00,31-Jul-2015,7,Summer
2015,COSTA RICA,surfing,M,47,no,2015-07-28 00:00:00,28-Jul-2015,7,Summer
2015,AUSTRALIA,surfing,M,40,unknown,2015-07-27 00:00:00,27-Jul-2015,7,Summer
2015,USA,surfing,M,25,no,2015-07-26 00:00:00,26-Jul-2015,7,Summer
2015,USA,floating,F,35,unknown,2015-07-26 00:00:00,26-Jul-2015,7,Summer
2015,AUSTRALIA,diving,M,46,yes,2015-07-25 00:00:00,25-Jul-2015,7,Summer
2015,USA,fishing,M,31,no,2015-07-23 00:00:00,23-Jul-2015,7,Summer
2015,AUSTRALIA,surfing,M,40,no,2015-07-23 00:00:00,23-Jul-2015,7,Summer
2015,REUNION,surfing,M,45,no,2015-07-22 00:00:00,22-Jul-2015,7,Summer
2015,SOUTH AFRICA,surfing,M,34,no,2015-07-19 00:00:00,19-Jul-2015,7,Summer
2015,USA,surfing,M,38,no,2015-07-10 00:00:00,10-Jul-2015,7,Summer
2015,USA,treading water,M,39,unknown,2015-07-08 00:00:00,08-Jul-2015,7,Summer
2015,FRENCH POLYNESIA,swimming,M,,unknown,2015-07-06 00:00:00,06-Jul-2015,7,Summer
2015,BAHAMAS,fishing,F,23,no,2015-07-04 00:00:00,04-Jul-2015,7,Summer
2015,USA,,M,32,no,2015-07-04 00:00:00,04-Jul-2015,7,Summer
2015,AUSTRALIA,surfing,M,52,no,2015-07-03 00:00:00,03-Jul-2015,7,Summer
2015,AUSTRALIA,body boarding,M,32,no,2015-07-02 00:00:00,02-Jul-2015,7,Summer
2015,USA,swimming,M,68,no,2015-07-01 00:00:00,01-Jul-2015,7,Summer
2015,AUSTRALIA,surfing,M,,no,2015-06-30 00:00:00,30-Jun-2015,6,Summer
2015,USA,playing in the water,M,12,no,2015-06-30 00:00:00,30-Jun-2015,6,Summer
2015,USA,swimming,M,18,no,2015-06-27 00:00:00,27-Jun-2015,6,Summer
2015,SOUTH AFRICA,body boarding,M,19,no,2015-06-27 00:00:00,27-Jun-2015,6,Summer
2015,USA,swimming,F,,unknown,2015-06-26 00:00:00,26-Jun-2015,6,Summer
2015,SOUTH AFRICA,surfing,M,23,no,2015-06-26 00:00:00,26-Jun-2015,6,Summer
2015,USA,standing,M,43,no,2015-06-26 00:00:00,26-Jun-2015,6,Summer
2015,AUSTRALIA,swimming,M,19,no,2015-06-25 00:00:00,Reported 25-Jun-2015,6,Summer
2015,USA,surfing,M,47,no,2015-06-25 00:00:00,25-Jun-2015,6,Summer
2015,USA,swimming,M,6,no,2015-06-24 00:00:00,24-Jun-2015,6,Summer
2015,AUSTRALIA,surfing,F,37,no,2015-06-24 00:00:00,24-Jun-2015,6,Summer
2015,USA,standing,M,9,no,2015-06-23 00:00:00,23-Jun-2015,6,Summer
2015,PUERTO RICO,fishing,M,36,no,2015-06-19 00:00:00,19-Jun-2015,6,Summer
2015,USA,swimming,M,10,no,2015-06-17 00:00:00,17-Jun-2015,6,Summer
2015,USA,wading,M,16,no,2015-06-14 00:00:00,14-Jun-2015,6,Summer
2015,USA,wading,F,12,no,2015-06-14 00:00:00,14-Jun-2015,6,Summer
2015,USA,,F,,no,2015-06-13 00:00:00,13-Jun-2015,6,Summer
2015,USA,boogie boarding,F,13,no,2015-06-11 00:00:00,11-Jun-2015,6,Summer
2015,USA,playing,M,11,no,2015-06-07 00:00:00,07-Jun-2015,6,Summer
2015,USA,attempting to rescue a shark,F,17,no,2015-06-05 00:00:00,05-Jun-2015,6,Summer
2015,REUNION,surfing,M,47,no,2015-06-01 00:00:00,01-Jun-2015,6,Summer
2015,USA,standing,F,14,no,2015-05-29 00:00:00,29-May-2015,5,Spring
2015,USA,wading,F,19,no,2015-05-29 00:00:00,29-May-2015,5,Spring
2015,FRENCH POLYNESIA,fishing,M,19,no,2015-05-25 00:00:00,25-May-2015,5,Spring
2015,USA,swimming,F,13,no,2015-05-24 00:00:00,24-May-2015,5,Spring
2015,USA,surfing,M,18,no,2015-05-20 00:00:00,20-May2015,5,Spring
2015,USA,,M,30,no,2015-05-15 00:00:00,15-May-2015,5,Spring
2015,NEW CALEDONIA,snorkeling,M,50,yes,2015-05-09 00:00:00,09-May-2015,5,Spring
2015,USA,swimming,M,,no,2015-05-07 00:00:00,07-May-2015,5,Spring
2015,AUSTRALIA,surfing,M,,no,2015-05-03 00:00:00,03-May-2015,5,Spring
2015,SOUTH AFRICA,diving,M,29,no,2015-05-02 00:00:00,02-May-2015,5,Spring
2015,USA,snorkeling,F,65,yes,2015-04-29 00:00:00,29-Apr-2015,4,Spring
2015,USA,wading,M,63,no,2015-04-26 00:00:00,26-Apr-2015,4,Spring
2015,AUSTRALIA,surfing,M,26,no,2015-04-25 00:00:00,25-Apr-2015,4,Spring
2015,AUSTRALIA,surf skiing,M,71,no,2015-06-24 00:00:00,24-Jun-2015,6,Summer
2015,USA,photographing the shark,M,48,no,2015-04-13 00:00:00,13-Apr-2015,4,Spring
2015,REUNION,surfing,M,13,yes,2015-04-12 00:00:00,12-Apr-2015,4,Spring
2015,AUSTRALIA,paddle boarding,M,,no,2015-04-11 00:00:00,11-Apr-2015,4,Spring
2015,USA,fishing,M,70,no,2015-04-03 00:00:00,03-Apr-2015,4,Spring
2015,ITALY,diving,M,43,unknown,2015-03-29 00:00:00,29-Mar-2015,3,Spring
2015,BRAZIL,surfing,M,23,unknown,2015-03-31 00:00:00,31-Mar-2015,3,Spring
2015,SOUTH AFRICA,fishing,M,36,no,2015-03-26 00:00:00,26-Mar-2015,3,Spring
2015,EGYPT,swimming,M,52,yes,2015-03-21 00:00:00,21-Mar-2015,3,Spring
2015,USA,snorkeling,M,58,no,2015-03-18 00:00:00,18-Mar-2015,3,Spring
2015,FRENCH POLYNESIA,hand feeding sharks,M,9,no,2015-03-16 00:00:00,16-Mar-2015,3,Spring
2015,AUSTRALIA,fishing,M,,no,2015-03-11 00:00:00,11-Mar-2015,3,Spring
2015,MEXICO,fishing,M,36,no,2015-03-10 00:00:00,10-Mar-2015,3,Spring
2015,FRENCH POLYNESIA,sitting in the water,M,18 months,no,2015-03-07 00:00:00,07-Mar-2015,3,Spring
2015,ATLANTIC OCEAN,transatlantic rowing,,,no,2015-02-15 00:00:00,15-Feb-2015,2,Winter
2015,REUNION,swimming,F,22,yes,2015-02-14 00:00:00,14-Feb-2015,2,Winter
2015,AUSTRALIA,surfing,M,41,yes,2015-02-09 00:00:00,09-Feb-2015,2,Winter
2015,AUSTRALIA,surfing,M,35,no,2015-02-08 00:00:00,08-Feb-2015,2,Winter
2015,AUSTRALIA,surfing,M,,no,2015-02-05 00:00:00,05-Feb-2015,2,Winter
2015,AUSTRALIA,rowing,M,57,no,2015-01-30 00:00:00,30-Jan-2015,1,Winter
2015,USA,fishing,M,20,no,2015-01-27 00:00:00,27-Jan-2015,1,Winter
2015,AUSTRALIA,surfing,M,,no,2015-01-24 00:00:00,24-Jan-2015,1,Winter
2015,SOUTH AFRICA,floating,M,24,no,2015-01-23 00:00:00,23-Jan-2015,1,Winter
2015,USA,fishing,M,,no,2015-01-19 00:00:00,19-Jan-2015,1,Winter
2015,AUSTRALIA,surfing,F,,unknown,2015-01-19 00:00:00,19-Jan-2015,1,Winter
2015,AUSTRALIA,fishing,M,,no,2015-01-17 00:00:00,17-Jan-2015,1,Winter
2015,AUSTRALIA,filming,M,17,no,2015-01-16 00:00:00,16-Jan-2015,1,Winter
2015,USA,swimming,M,38,unknown,2015-01-08 00:00:00,08-Jan-2015,1,Winter
2015,BAHAMAS,snorkeling,F,34,no,2015-01-06 00:00:00,06-Jan-2015,1,Winter
2015,SOUTH AFRICA,surfing,M,15,no,2015-01-03 00:00:00,03-Jan-2015,1,Winter
2015,USA,,M,12,no,2015-01-01 00:00:00,01-Jan-2015,1,Winter
2014,AUSTRALIA,surfing,,,no,2014-12-29 00:00:00,29-Dec-2014,12,Winter
2014,AUSTRALIA,fishing,M,17,yes,2014-12-29 00:00:00,29-Dec-2014,12,Winter
2014,GREECE,,,,no,2014-12-28 00:00:00,28-Dec-2014,12,Winter
2014,SOUTH AFRICA,swimming,,,unknown,2014-12-28 00:00:00,28-Dec-2014,12,Winter
2014,USA,surfing,M,50,no,2014-12-28 00:00:00,28-Dec-2014,12,Winter
2014,AUSTRALIA,fishing,M,40s,no,2014-12-28 00:00:00,28-Dec-2014,12,Winter
2014,JAPAN,diving,M,,no,2014-12-23 00:00:00,Reported 23-Dec-2014,12,Winter
2014,AUSTRALIA,fishing,M,17,yes,2014-12-15 00:00:00,15-Dec-2014,12,Winter
2014,SPAIN,fishing,M,,no,2014-12-03 00:00:00,Reported 03-Dec-2014,12,Winter
2014,AUSTRALIA,surfing,M,13,no,2014-11-29 00:00:00,29-Nov-2014,11,Autumn
2014,MAURITIUS,fishing,M,39,yes,2014-11-20 00:00:00,20-Nov-2014,11,Autumn
2014,AUSTRALIA,fishing,M,,no,2014-11-19 00:00:00,19-Nov-2014,11,Autumn
2014,USA,,,,no,2014-11-17 00:00:00,Reported 17-Nov-2014,11,Autumn
2014,USA,surfing,M,44,no,2014-11-16 00:00:00,16-Nov-2014,11,Autumn
2014,USA,snorkeling,M,53,no,2014-11-13 00:00:00,13-Nov-2014,11,Autumn
2014,AUSTRALIA,surfing,M,,no,2014-11-10 00:00:00,10-Nov-2014,11,Autumn
2014,USA,surfing,M,18,no,2014-11-08 00:00:00,08-Nov-2014,11,Autumn
2014,USA,surfing,F,34,no,2014-10-31 00:00:00,31-Oct-2014,10,Autumn
2014,AUSTRALIA,surfing,M,20,no,2014-10-29 00:00:00,29-Oct-2014,10,Autumn
2014,USA,stand-up paddleboarding,F,,no,2014-10-22 00:00:00,22-Oct-2014,10,Autumn
2014,USA,stand-up paddleboarding,M,,no,2014-10-20 00:00:00,20-Oct-2014,10,Autumn
2014,USA,canoeing,F,,no,2014-10-19 00:00:00,19-Oct-2014,10,Autumn
2014,AUSTRALIA,surfing,F,13,no,2014-10-17 00:00:00,17-Oct-2014,10,Autumn
2014,USA,standing in inner tube,F,7,no,2014-10-14 00:00:00,14-Oct-2014,10,Autumn
2014,USA,surfing,F,,no,2014-10-12 00:00:00,12-Oct-2014,10,Autumn
2014,AUSTRALIA,kayaking,M,,no,2014-10-11 00:00:00,11-Oct-2014,10,Autumn
2014,USA,surfing,M,29,no,2014-10-05 00:00:00,05-Oct-2014,10,Autumn
2014,USA,fishing,F,40,no,2014-10-07 00:00:00,07-Oct-2014,10,Autumn
2014,USA,surfing,M,15,no,2014-10-05 00:00:00,05-Oct-2014,10,Autumn
2014,USA,kayaking,M,,no,2014-10-03 00:00:00,03-Oct-2014,10,Autumn
2014,USA,kayaking,M,,no,2014-10-03 00:00:00,03-Oct-2014,10,Autumn
2014,USA,surfing,M,28,no,2014-10-02 00:00:00,02-Oct-2014,10,Autumn
2014,AUSTRALIA,surfing,M,23,no,2014-10-02 00:00:00,02-Oct-2014,10,Autumn
2014,USA,surfing,M,,no,2014-09-21 00:00:00,21-Sep-2014,9,Autumn
2014,FRENCH POLYNESIA,feeding fish,F,36,no,2014-09-12 00:00:00,Reported 12-Sep-2014,9,Autumn
2014,USA,surfing,M,,unknown,2014-09-13 00:00:00,13-Sep-2014,9,Autumn
2014,AUSTRALIA,swimming,M,50,yes,2014-09-09 00:00:00,09-Sep-2014,9,Autumn
2014,USA,fishing,M,43,no,2014-09-06 00:00:00,06-Sep-2014,9,Autumn
2014,USA,kayaking,F,20s,no,2014-09-03 00:00:00,03-Sep-2014,9,Autumn
2014,USA,fishing,M,52,no,2014-09-02 00:00:00,02-Sep-2014,9,Autumn
2014,SPAIN,playing with an air mattress,M,16,no,2014-09-01 00:00:00,Sep-2014,9,Autumn
2014,USA,surfing,F,13,no,2014-08-31 00:00:00,31-Aug-2014,8,Summer
2014,USA,surfing,M,17,no,2014-08-29 00:00:00,29-Aug-2014,8,Summer
2014,USA,,,,unknown,2014-08-29 00:00:00,29-Aug-2014,8,Summer
2014,USA,fishing,M,33,no,2014-08-28 00:00:00,28-Aug-2014,8,Summer
2014,SPAIN,swimming,F,30s,no,2014-08-27 00:00:00,27-Aug-2014,8,Summer
2014,USA,surfing,M,29,no,2014-08-27 00:00:00,27-Aug-2014,8,Summer
2014,USA,standing,F,,no,2014-08-27 00:00:00,27-Aug-2014,8,Summer
2014,USA,fishing,M,,no,2014-08-25 00:00:00,Reported 25-Aug-2014,8,Summer
2014,USA,kite boarding,,,no,2014-08-24 00:00:00,24-Aug-2014,8,Summer
2014,AUSTRALIA,fishing,M,31,no,2014-08-16 00:00:00,16-Aug-2014,8,Summer
2014,USA,standing,M,,no,2014-08-12 00:00:00,12-Aug-2014,8,Summer
2014,USA,,M,26,no,2014-08-10 00:00:00,10-Aug-2014,8,Summer
2014,BAHAMAS,fishing,M,,no,2014-08-09 00:00:00,09-Aug-2014,8,Summer
2014,USA,swimming,F,10,no,2014-08-09 00:00:00,09-Aug-2014,8,Summer
2014,USA,swimming,M,7,no,2014-08-08 00:00:00,08-Aug-2014,8,Summer
2014,USA,boogie boarding,M,10,no,2014-08-06 00:00:00,06-Aug-2014,8,Summer
2014,USA,swimming,F,45,no,2014-08-05 00:00:00,05-Aug-2014,8,Summer
2014,USA,surfing,M,50s,no,2014-08-02 00:00:00,02-Aug-2014,8,Summer
2014,USA,boogie boarding,M,8,no,2014-08-02 00:00:00,02-Aug-2014,8,Summer
2014,SOUTH AFRICA,surfing,M,20,no,2014-08-01 00:00:00,01-Aug-2014,8,Summer
2014,,sea disaster,M,,unknown,2014-08-01 00:00:00,Aug-2014,8,Summer
2014,USA,swimming,M,Teen,no,2014-07-27 00:00:00,27-Jul-2014,7,Summer
2014,REUNION,surfing,M,51,no,2014-07-22 00:00:00,22-Jul-2014,7,Summer
2014,USA,standing,M,8,no,2014-07-21 00:00:00,21-Jul-2014,7,Summer
2014,SPAIN,wading,,,no,2014-07-20 00:00:00,20-Jul-2014,7,Summer
2014,USA,swimming,M,61,no,2014-07-16 00:00:00,16-Jul-2014,7,Summer
2014,USA,swimming,M,39,no,2014-07-14 00:00:00,14-Jul-2014,7,Summer
2014,BAHAMAS,diving,M,63,unknown,2014-07-13 00:00:00,13-Jul-2014,7,Summer
2014,USA,surfing,M,,no,2014-07-12 00:00:00,12-Jul-2014,7,Summer
2014,USA,surfing,M,14,no,2014-07-09 00:00:00,9-Jul-2014,7,Summer
2014,USA,swimming,M,,no,2014-07-05 00:00:00,5-Jul-2014,7,Summer
2014,USA,surfing,M,,no,2014-07-05 00:00:00,5-Jul-2014,7,Summer
2014,USA,surfing,M,19,no,2014-07-03 00:00:00,3-Jul-2014,7,Summer
2014,ST. MARTIN,transatlantic rowing,M,48,no,2014-06-27 00:00:00,Reported 27-Jun-2014,6,Summer
2014,BAHAMAS,fishing,M,42,no,2014-06-25 00:00:00,25-Jun-2014,6,Summer
2014,AUSTRALIA,surfing,M,,no,2014-06-18 00:00:00,18-Jun-2014,6,Summer
2014,AUSTRALIA,body boarding,M,15,no,2014-06-18 00:00:00,18-Jun-2014,6,Summer
2014,AUSTRALIA,petting a shark,M,,no,2014-06-17 00:00:00,Reported 17-Jun-2014,6,Summer
2014,BRAZIL,fishing,M,43,no,2014-06-09 00:00:00,09-Jun-2014,6,Summer
2014,USA,standing,M,16,no,2014-06-09 00:00:00,09-Jun-2014,6,Summer
2014,AUSTRALIA,body boarding,M,39,no,2014-06-09 00:00:00,09-Jun-2014,6,Summer
2014,JAPAN,surfing,M,43,no,2014-06-08 00:00:00,08-Jun-2014,6,Summer
2014,USA,kneeling in the water,F,14,no,2014-06-07 00:00:00,07-Jun-2014,6,Summer
2014,USA,swimming,F,22,no,2014-06-01 00:00:00,01-Jun-2014,6,Summer
2014,AUSTRALIA,surfing,M,,no,2014-06-01 00:00:00,01-Jun-2014,6,Summer
2014,USA,tagging sharks,F,37,no,2014-06-01 00:00:00,01-Jun-2014,6,Summer
2014,AUSTRALIA,fell into the water,F,29,no,2014-05-24 00:00:00,24-May-2014,5,Spring
2014,FRANCE,diving,M,,no,2014-05-23 00:00:00,23-May-2014,5,Spring
2014,AUSTRALIA,teasing a shark,M,10,no,2014-05-22 00:00:00,22-May-2014,5,Spring
2014,USA,body boarding,F,38,no,2014-05-15 00:00:00,15-May-2014,5,Spring
2014,AUSTRALIA,surfing,M,35,no,2014-05-14 00:00:00,14-May-2014,5,Spring
2014,USA,wading,F,44,no,2014-05-13 00:00:00,13-May2014,5,Spring
2014,USA,surfing,M,12,no,2014-05-11 00:00:00,11-May-2014,5,Spring
2014,USA,diving,M,,unknown,2014-05-10 00:00:00,Reported 10-May-2014,5,Spring
2014,USA,swimming,F,40,no,2014-05-06 00:00:00,06-May-2014,5,Spring
2014,SOUTH AFRICA,diving,,,no,2014-05-04 00:00:00,04-May-2014,5,Spring
2014,USA,surfing,M,23,no,2014-05-01 00:00:00,01-May-2014,5,Spring
2014,AUSTRALIA,fishing,M,,no,2014-04-24 00:00:00,24-Apr-2014,4,Spring
2014,USA,swimming,M ,42,no,2014-04-22 00:00:00,22-Apr-2014,4,Spring
2014,USA,wading,M,25,no,2014-04-15 00:00:00,15-Apr-2014,4,Spring
2014,SOUTH AFRICA,shark watching,,,no,2014-04-12 00:00:00,Reported 12-Apr-2014,4,Spring
2014,SOUTH AFRICA,fishing,M,,no,2014-04-12 00:00:00,12-Apr-2014,4,Spring
2014,USA,surfing,M,teen,no,2014-04-04 00:00:00,04-Apr-2014,4,Spring
2014,USA,surfing,M,teen,no,2014-04-04 00:00:00,04-Apr-2014,4,Spring
2014,AUSTRALIA,swimming,F,63,yes,2014-04-03 00:00:00,03-Apr-2014,4,Spring
2014,AUSTRALIA,diving,M,38,unknown,2014-03-29 00:00:00,29-Mar-2014,3,Spring
2014,SOUTH AFRICA,swimming,M,66,yes,2014-03-22 00:00:00,22-Mar-2014,3,Spring
2014,USA,surfing,M,,no,2014-03-22 00:00:00,22-Mar-2014,3,Spring
2014,USA,surfing,M,9,no,2014-03-21 00:00:00,21-Mar-2014,3,Spring
2014,NEW CALEDONIA,surfing,M,42,no,2014-03-18 00:00:00,18-Mar-2014,3,Spring
2014,AUSTRALIA,surfing,M,42,no,2014-03-18 00:00:00,18-Mar-2014,3,Spring
2014,AUSTRALIA,,F,10,unknown,2014-03-18 00:00:00,18-Mar-2014,3,Spring
2014,AUSTRALIA,swimming,M,,no,2014-03-12 00:00:00,12-Mar-2014,3,Spring
2014,CAYMAN ISLANDS,diving,M,,unknown,2014-03-13 00:00:00,13-Mar-2014,3,Spring
2014,USA,surfing,M,21,no,2014-03-02 00:00:00,02-Mar-2014,3,Spring
2014,FRENCH POLYNESIA,surfing,M,21,no,2014-02-20 00:00:00,20-Feb-2014,2,Winter
2014,PAPUA NEW GUINEA,sailing,M,21,no,2014-02-17 00:00:00,Reported 17-Feb-2014,2,Winter
2014,AUSTRALIA,diving,M,28,yes,2014-02-08 00:00:00,08-Feb-2014,2,Winter
2014,TRINIDAD & TOBAGO,fishing,M,,no,2014-02-07 00:00:00,07-Feb-2014,2,Winter
2014,NEW ZEALAND,surfing,M,28,no,2014-02-07 00:00:00,07-Feb-2014,2,Winter
2014,AUSTRALIA,fishing,M,,no,2014-01-26 00:00:00,26-Jan-2014,1,Winter
2014,NEW ZEALAND,fishing,M,24,no,2014-01-25 00:00:00,25-Jan-2014,1,Winter
2014,JAPAN,sea disaster,M,31,no,2014-01-04 00:00:00,04-Jan-2014,1,Winter
